0.8817513004169028,0.0974607619911287,0.2964724908241373,0.8820536034751835,0.09741415574342906,0.2883449461014571,0.8820635425150071,0.0974785462107031,0.2955390399296924,0.8820815258380473,0.09722129655557936,0.29734919325056447,0.882255545567005,0.09728555462098391,0.28836957131000307,0.8825450588509737,0.09758235922173282,0.28835272567931836
0.023461885640989916,0.930997727721111,0.5155083765088078,0.023682848557448802,0.9314665491132799,0.5148326887739222,0.0236917892954535,0.9314111505381484,0.5416193462842096,0.023840912496573552,0.9312087306079468,0.5204234210642453,0.023890116169624467,0.9310168053291519,0.5148076437607116,0.02396602092188219,0.9312190797886304,0.5267608648935698,0.023978711565933924,0.9314199019277117,0.5149110567214589,0.02398134682682171,0.9311452431148355,0.5151262032817722,0.02398469950566692,0.9311895139126589,0.5148331552407972,0.02403610072539974,0.9311908650385089,0.5148282982248737,0.024161778231618313,0.9311376298796175,0.555154968918968,0.024177586370237748,0.9313576438040825,0.5152683500043844,0.024179143285560718,0.9314849295373336,0.5307458405747504,0.02418339038177386,0.9310353401786496,0.5201235783669262,0.024215823970150548,0.931336595163787,0.5204281512672577,0.024369735639196873,0.9313995180259045,0.514868826991071,0.024606309769845403,0.9312775426112382,0.5436806438345844
0.4304759121578614,0.10514769043859146,0.17988778493899907,0.43058950847419236,0.1051202133624667,0.204458292146057,0.43069987767649703,0.10460055631263764,0.17434450652949154,0.4309533119426644,0.10509163783954886,0.17430513224702965,0.43100825787531355,0.1045519858820931,0.21856182314721856
0.5371549241049564,0.6319879368447516,0.3336095855686803,0.5374114480023225,0.6325253759853835,0.331400187109339,0.5374417099497631,0.6325413559731834,0.33431383135273623,0.5374647737998609,0.6318499133695462,0.3312935409010867,0.5375042110036983,0.6319577100236854,0.333125487511855,0.5375297258713704,0.6317104948429817,0.33107661941376426,0.5375444424405212,0.6318637481663054,0.33419050194025557,0.5375638529415105,0.6325346182056634,0.3317211746840447,0.5376327353528784,0.6319545124709012,0.355749992006044,0.5376824729953853,0.6323357748611729,0.3436242071750572,0.5377364135983401,0.6320103814042021,0.34549830640849777,0.5377525456952517,0.6319765291300751,0.33122953429470764,0.5378314937236189,0.6322984059717822,0.3316658116536734,0.5378654393291493,0.631777595844812,0.3311062524718934,0.5379720540426177,0.6322219335286711,0.3457893976272978
0.5065989150020294,0.9981102209683084,0.4508566207123462,0.5067243480972896,0.9978837845354794,0.45095641064658465,0.5067934994973528,0.9979021068166805,0.4700634665342323,0.5068021672236782,0.9977000919420194,0.45059074084370454,0.5068833237699211,0.9981755725746421,0.4594374057178794,0.5069022108050151,0.9978447997905715,0.47284337878563754,0.5069209863996278,0.9979303237250171,0.4513792975423671,0.5071402527675998,0.9979468674798285,0.4535551851753044,0.5071487390212173,0.9984246154687895,0.45051601909748074,0.507162901290611,0.9979100412372989,0.4652325772271681,0.5071680444239938,0.9981641306243961,0.4550675787531789,0.5071746193676049,0.9980356125128186,0.4723409893162661,0.5071806410928121,0.9979940965685451,0.45991373174108885,0.5072724912528682,0.9977871198168933,0.4581273535482016,0.5074519725871867,0.9979251930288879,0.5045876315700064,0.5074644752972977,0.9978842923230483,0.4504999928518019
0.4008577545730785,0.4963695323975836,0.4524874753310943,0.40108110944903536,0.4963937097338764,0.4614839198385561,0.40110586773175366,0.49641626812579237,0.45196264212495674,0.4011246023599468,0.4963345722562982,0.45193316330992017,0.40114158624807644,0.49635693411251,0.46984860637223164,0.4011967176952246,0.49622281315289024,0.452023879336023,0.40122881005330546,0.4963615350871711,0.4530874385948152,0.40130793013006316,0.49643923649067806,0.46659025516929614,0.4013315097216772,0.4962854314943753,0.45298409677246826,0.40135966694627423,0.496166608564196,0.49137887018577864,0.40142790477400536,0.4961662274294102,0.4637847662791984,0.40146785819850606,0.49657312216209687,0.4521417051216974,0.40155866035708243,0.49642832181257557,0.4519357225930633,0.40160880968287105,0.4963700867920218,0.4525808654764296
0.694612766921695,0.332654066454935,0.12422840492565349,0.694654914825825,0.33259086076885813,0.12437131640492714,0.6947099451230364,0.3324134703573101,0.1354048548684004,0.6947687376312569,0.33253125978510095,0.12425227893209842,0.694816884604905,0.33230931569336286,0.1335207064844801,0.6948362614297943,0.332756044754388,0.13468091931560475,0.6948924984132392,0.332738357490898,0.1461657638392695,0.6949049194747208,0.3326993939838574,0.12471734766635988,0.6949725125181901,0.33272163470222693,0.1470298942798207,0.6949894489752982,0.3327322859572801,0.12411657478499119,0.6949910120826025,0.3329324615016806,0.12406964453533362,0.6949967677700959,0.33269127768602597,0.12436100092401997,0.6950001722018257,0.3326343573993831,0.12413847256365938,0.6950034302352099,0.332412658934639,0.13685738587678942,0.695021229550183,0.33251026058937744,0.15941597130360532,0.6951194384824784,0.33286181527033337,0.15525967548902517,0.6951291814171803,0.33225745992175915,0.12410608271562759,0.6952656581347578,0.3326287499795921,0.15365665798889266
0.6170564949458653,0.5467266355939493,0.6790234253281991,0.617143850045404,0.5471822078885561,0.6793326263384801,0.6174083295774216,0.5468259446511021,0.6898929876058975
0.7446844534181497,0.9932792053002962,0.40178981219241805,0.7448032410980296,0.9931884479218159,0.4017507522292249,0.7452081190576346,0.9935639021710171,0.41476410348874054,0.7452416496245791,0.9930962564004412,0.401765691936009,0.7453498405810809,0.99294342816673,0.4033560009030198,0.7453668175610493,0.9936294126643576,0.4017296656316344,0.745434183235842,0.9933453107672123,0.4450475762096357,0.745446449381575,0.9931558062857097,0.40302010703941765
0.6837851535066314,0.7857251682188131,0.6367255419116369,0.6841115580820675,0.785696200537881,0.6373107018650102,0.6843001904747695,0.7861237907379278,0.6358711291692802
0.8005779144445871,0.21996901085038076,0.295355077212952,0.8006071943193903,0.21972850818342735,0.29549031939582565,0.8006611196899304,0.21999761876633436,0.29639937372364544,0.8006992294709226,0.21998967161933655,0.32312007620166533,0.8007871224459128,0.22020118567616262,0.29574786946279535,0.8008987795589236,0.21998934575725004,0.29555720172766886,0.8009972029529692,0.21993315495343604,0.2962745771890907,0.8009998459105828,0.22006977230210376,0.29537092624662953,0.8010754344106362,0.21996403416823632,0.29539063298406365,0.8011960660326108,0.22023142238689178,0.31977173558114264
0.45854815710358604,0.6216576671126974,0.902618236384883,0.45866757042827694,0.621858762042618,0.9105305150303356,0.45887754450345114,0.6216428273181019,0.9028539666518197,0.45888439754657123,0.6221472195081008,0.902616504576176,0.4589005204770752,0.6220331195166088,0.9028832908155694,0.4589079632340277,0.6218208116524369,0.9059921844386931,0.4589513603145928,0.62197617426518,0.9026527739013548,0.45899686161544867,0.6217938859319447,0.90268224847573,0.4590027661669561,0.6214603724572907,0.902641808814772,0.4590491129884425,0.6217438929418521,0.902700683514223,0.4590815999803171,0.6214176259454425,0.9197189625185587,0.45916221250785505,0.6221711866558112,0.9026227603766945
0.608783067859394,0.2466998355781176,0.3744962017320146,0.6088183206274016,0.24642900567641135,0.3756191543289659,0.6088888865855772,0.24673137278757867,0.4352394669193698,0.609013730961881,0.2463552072878427,0.37650073250908983,0.6090744807163083,0.24683072995361424,0.3744736075483911,0.6091097118347063,0.24630423817648506,0.37653493467681004,0.6092136415388429,0.2463026283072961,0.3746956897616078,0.6092493714124301,0.24646068858984474,0.3933884189344566
0.9202095457900278,0.20929585162903422,0.14266480941228632,0.9203020959474539,0.2096524685199483,0.13278338591973363,0.920350321329343,0.20946548984357202,0.13617662600110694
0.463351707449736,0.3635825439739378,0.06802219113333054,0.463423834868409,0.36369138721760064,0.0725054316746062,0.4634374905790664,0.3637409661391467,0.07904268217689016,0.4634571331469787,0.3636744277023432,0.06374065976428234,0.4634812470741905,0.3635513569229698,0.06283190291049598,0.46349616072437166,0.3640734051156768,0.06382375366073925,0.46353312846377065,0.36348065719266,0.08736089740226852,0.4635368882018576,0.36391486773562826,0.06312862489459457,0.46359817387599195,0.36352401297364695,0.0775038693332867,0.4637595442528252,0.36382795742458396,0.06952068248435558,0.46382957561938243,0.3635033414478588,0.06284473915479198,0.4638980310303146,0.3634749716920252,0.06282393515036494,0.46390538399062,0.36367119865820124,0.06293638925821501
0.7096724327133904,0.7912647376868907,0.4517885481542844,0.7098895427216511,0.7911283618846162,0.4534587299097331,0.7099576055630032,0.7912787609770692,0.4518071360320335,0.7100734384891962,0.7916926709107496,0.47203327295518893
0.4556515303765688,0.5035110421591431,0.7904514822616739,0.4556893752267221,0.5036448752930869,0.7863297142569954,0.4557952727189486,0.5037128088818157,0.7968250575415494,0.4558762556830018,0.5037200460748426,0.7980682299950942,0.4559069469107458,0.5037512469714865,0.7872683996227715,0.455911255866843,0.5034351350516473,0.817356763398369,0.4559524261721015,0.5034349586597391,0.7864482697658781,0.45598957385189876,0.5035153452209924,0.8269454100914657,0.4560403753983896,0.5037478044038128,0.7901833428809221,0.4560458651152523,0.5039732994299239,0.7907427303626386,0.4560659561152461,0.5035461472635623,0.7878187477456051,0.4560800891417557,0.5035347622642737,0.8028192088987084,0.456090497924391,0.5035769833936622,0.7863806892696056,0.45613428498587427,0.503845613074242,0.7934089238251358,0.456235080527455,0.503645233301175,0.7864058930671721,0.45632648244619073,0.5037633815066676,0.7864911259950734,0.4564087378130701,0.5034690130528418,0.7869894523100118
0.1193974748123698,0.5554208545317153,0.6717168804440383,0.11969014576687075,0.5552715951665265,0.6717048442962812,0.11976138291576238,0.5550278025619497,0.6970061199450668,0.11979259129263244,0.5551779316476937,0.6957602549257824,0.11979604720217306,0.5553018899471169,0.6829436700100712,0.11984307707127125,0.5556093182384221,0.677761826296745,0.11985557357085233,0.5550881724766514,0.6783133058018717,0.11987435282812774,0.5554550233149749,0.675795480270752,0.11991592814647596,0.554774175236551,0.6722709174437658,0.11991897443043306,0.5551981017865403,0.6900296500575838,0.11992405095017501,0.5556778756054966,0.6882373912870056,0.1199544540941445,0.5550193802165344,0.6716928041372737,0.11995939296783918,0.55506239036319,0.6723051743205061,0.11999042097018217,0.5553660403713817,0.6717555507369601,0.12001593582214005,0.555458970944613,0.671818347223499,0.12003744541830758,0.5552498383206669,0.6727786306743524,0.12008503662513903,0.5553813145652302,0.6829955612340911,0.12011066601748158,0.5553487674926414,0.6717123419491612,0.12012152274884179,0.5552836797734406,0.6717178202979541,0.12030264552953117,0.555608662705754,0.6717039030756242,0.12033672182731113,0.5550732568026733,0.6799318971016793,0.12039125322237137,0.5550362619270705,0.6719574677584544
0.5339363210372382,0.3191433776790904,0.8502591560150636,0.5340640686351475,0.31943898783552,0.8554239719037379,0.5342934728575781,0.31920651136764366,0.850066157864086,0.5343401816939638,0.31948363582305517,0.8503852213124243
0.6324733598412058,0.8019034608359614,0.88084779708116,0.6326539391465728,0.8019379546408538,0.8824908716997056,0.6327349749295437,0.801366535713898,0.8815090213686585,0.6327540695493048,0.8016435875004144,0.8810190121294016,0.6327569640844826,0.8020309031809376,0.880850644110567,0.6328014221556698,0.8017788729805241,0.8812696375601191,0.6328228942325713,0.8017093968376073,0.8809289775654959,0.6328752084794887,0.8019619204956465,0.8814153146624851,0.6328757048364649,0.8014480666240785,0.9008209389970359,0.632976072617108,0.8020036108720503,0.8810081369221463,0.6329796882134289,0.8014941683631915,0.8822182887696918
0.7295837333014329,0.06748369110880766,0.19650182028748853,0.7296072911828625,0.06735728936329718,0.15638946383753613,0.7296439076856296,0.06726529462890257,0.15723256473130295,0.7296683745257253,0.06721801180915288,0.15642641123012238,0.7297027326383648,0.06736246347095388,0.16083085903744232,0.7297521556494537,0.06746678295163563,0.1563673246899145,0.7298546375349094,0.06736131690418753,0.15637962378203935,0.7298733404176446,0.06753133227002138,0.15749655178202698
0.14821271978828582,0.49792070079616724,0.6440400832179392,0.1485888968729607,0.497959951333351,0.6401394468501291,0.14876851139717545,0.4980886657461292,0.642583455837165,0.14882164656567462,0.49784821717813804,0.6351830635762837,0.14904838050340244,0.497666419879243,0.6364339684747923,0.14918643974091947,0.49838885065308514,0.6351672941363061
0.45749150239151964,0.5650554485195131,0.7178788109054953,0.4575967462717816,0.5643336747419653,0.721940757550729,0.45787744683532483,0.5645478619050207,0.7277293620509517
0.6358793484180956,0.9584914244665085,1.008802437443493,0.6359926188373811,0.9585388753607522,0.9205890441611382,0.6360336666602804,0.9584448483644226,0.969975467450953,0.6361987741253181,0.9582911600036889,0.922833130395221,0.6362464291371626,0.9587675084549493,0.9192490638159817
0.8689441599995527,0.18056474940273975,0.9286745838390469,0.8691313664277028,0.18073551113856953,0.9280941712443348,0.8691703573950681,0.18098887207742556,0.9282960505031402,0.8691848816087105,0.18059551713285532,0.9281955328986863,0.8692191634042532,0.18043860494813574,0.9281467981036928,0.8692328634722004,0.18069300813674885,0.9288533964451854,0.8692846757594704,0.18073051920465208,0.9292646085050803,0.8693053416624494,0.18101841207513245,0.9780663992636904,0.8693062006761079,0.18078334631920637,0.9455434088741659,0.8693181287641952,0.180154936550825,0.9280905847362819,0.869325886669882,0.18054211916849025,0.9447097651475304,0.8693380480160509,0.18110645181279802,0.9447776285006677,0.869573844755825,0.18035584044542385,0.9397428031567783
0.22231870320340813,0.2781151103871408,0.12398505344179994,0.22265966926852113,0.2780977107683427,0.07714073773010818,0.2229095275344583,0.27772551193466866,0.07626510715338615,0.22293205272304417,0.2778903950504368,0.08743685435607766,0.22296909657186334,0.2783644706795941,0.08077437475559401,0.22299017941609625,0.27815871424264926,0.12138456017991345,0.2230514851415551,0.2783844658524897,0.11587881096511611
0.1907134799661638,0.1199153724153589,0.48487396781973513,0.19102581457885995,0.12029512747875436,0.485564742810777
0.0649850138799078,0.4409385116855724,0.3729529138715928,0.06524890951867002,0.4412694848835277,0.3729775705379865,0.06530118287814118,0.44065874032885555,0.3732076536429669,0.06537460990796369,0.44084834666350553,0.3812886640925086,0.06542762417986574,0.4411251444677119,0.37366682006446456,0.06543282262713458,0.44084748544014524,0.37771392925494296,0.0654929478670989,0.44083142853400853,0.3733706392795438,0.06550419163379236,0.4409011081893257,0.41159742840781416,0.06553364707123673,0.4409519372765145,0.38054378967899866,0.06556024665045196,0.44109899239407585,0.37296436288738466,0.06557852909784355,0.44046593120484734,0.37892710957410036,0.06559296877653831,0.4404841783477837,0.37727523636083105,0.0656307154568696,0.4407784029698075,0.37299484443610326,0.06568356993672596,0.44085326519132106,0.3735718386771278,0.06569121753086025,0.44109288564636717,0.37297753066804523,0.06570370826681789,0.44088706620873624,0.3901598213446376,0.0657141296578473,0.44102349239076305,0.3729522073395026,0.06575698729799437,0.4411998990781251,0.3731548975774807,0.06581076141275623,0.44108790060486924,0.3730209678053745,0.06581665647545323,0.44088498527395054,0.3729950814639997,0.06588999898081986,0.44099973099219014,0.39482011983951815,0.0659540942250133,0.44069326589542507,0.3729344737258423,0.06607886149889954,0.4409275354021643,0.37401151784685316
0.08553956543192394,0.3721209507906033,0.3258331064052748,0.0856956263845984,0.3718421880213595,0.32572153851154295,0.0857130579080727,0.37177278360280647,0.32207069188947784,0.08579151796077246,0.371979873293441,0.3203509693753609,0.08587340415029389,0.3716996758976585,0.32029612828149107,0.08588818177867324,0.3716976181167774,0.32456402677199486,0.08603285606206669,0.371322786758247,0.3692146136580188,0.08609262358257025,0.3716548568995838,0.32027919578645814,0.08615864181011627,0.3716768293474508,0.3202630309467638,0.08623473793436193,0.3715930603260354,0.3217592463182171,0.08628944350868206,0.3720404268733114,0.32026901046786116
0.7495362602217092,0.38743106514604764,0.2880751291241463,0.749593096515013,0.387577761165268,0.2688879070662931,0.749696387875023,0.38778050793824503,0.2687504955010427,0.7497237901192896,0.3873884365928664,0.30391551429662045,0.7498003189419484,0.3875932868797396,0.26924875122614433,0.7498656340661279,0.3876587139945296,0.2776143322812026,0.7499369486790644,0.3879293927632481,0.2892392868446571,0.749978814604552,0.388027206881909,0.2739500506399904,0.7499892020265743,0.38738793982281894,0.27312394218078234,0.7500596345570486,0.3878157125321545,0.2734885064722814,0.7503841961703086,0.38771550911694624,0.282065385091311,0.7507717160580262,0.3877756486997608,0.2952994797755325
0.9779180108138491,0.5357320909288216,0.3593405354984649,0.977952090160761,0.5359549345067207,0.359372882208089,0.9779908282278583,0.5354447077242673,0.38913161992966083,0.9781339133148902,0.5355105146302329,0.43092580643321116,0.9781674811247547,0.5351125206130161,0.3588694281111291,0.9781862955817725,0.5354833445393203,0.3600635895829565,0.9782116050440585,0.5354699027948604,0.36199541915903194,0.9782133780501377,0.5354072246577901,0.3642898113065354,0.9782907445618979,0.5357497097371233,0.35899164819796764
0.3789308673844193,0.3769531061972158,0.9130173143089582,0.37928521361300405,0.3770422057714383,0.8919912377753728,0.3793490749876375,0.3770688055343215,0.8924989936830716,0.3793687152833814,0.37688632956468293,0.8919848404699465,0.37937028291996266,0.37685942492096564,0.8927344397628982,0.37941265640171024,0.3769924124666038,0.9145903080084313,0.3795123846140328,0.3772380256126918,0.8920859064218282,0.37953468541112867,0.3769776251783039,0.9108838468502938,0.37956167836732546,0.376536322207548,0.8921133538955037,0.37961085759769286,0.37732273660854276,0.8920090234889028,0.379628367896735,0.3769070059266505,0.8996277041134032,0.3796620457180561,0.37689690222182004,0.9117841114314515,0.37967423883174967,0.37676643041448954,0.8924979440009928,0.37967880837089524,0.37711850640703465,0.8922500621115429,0.3797510468827769,0.3769196481703605,0.8920643272624976,0.3797892700043922,0.37692101013985624,0.8962959323929363,0.37979245537284734,0.376882208078958,0.8937065495912606,0.37987270983885013,0.3767462522372855,0.8999609943719755,0.3799115665829151,0.37672353001547887,0.8926134682385263,0.3799353078032236,0.37665315589989873,0.8919879540679565,0.37996440847368185,0.3772230117928713,0.8919980969269569
0.1554133048026661,0.07828391215884187,0.9789033850062585,0.15551959886675515,0.07788702943912121,0.9685460947317652,0.1555207726982606,0.07843020199903848,0.9897376851910527,0.1555466797264257,0.07853186281366709,0.9683726062767644,0.15570003166723034,0.07811338845322212,0.9682525259320499,0.155797244926437,0.07814809499038036,0.9683220374045467,0.15580591096191812,0.0781700449526235,0.9684529704347717,0.15587724503516123,0.0784138341383868,0.9687523865008499,0.15592398146945577,0.0782920409400147,0.9861344720810429
0.5548905263990154,0.45343058866169667,0.16537733030739993,0.5549503011297515,0.45337107123219067,0.16444449134862826,0.5549803332446543,0.45343007383711786,0.18742388278365824,0.5549816845648284,0.4535043154839519,0.17697618744407007,0.5549856345569509,0.4535098993380788,0.16444104773323942,0.5550005052961317,0.4535059142257892,0.16461962356068233,0.5550807930786048,0.4534066229127762,0.18703695185095262,0.5552200409566485,0.4537966677693252,0.16447137658329813,0.555226901698239,0.4535270260794007,0.1644305423629556,0.5552390345455169,0.4533026012321733,0.16449437777071327,0.5552621032050293,0.45360846349010303,0.1644721546279164,0.5552652794671871,0.45350103585015766,0.16458547233400372,0.5552706742852886,0.4536966186117552,0.20155788043701955,0.5552765602000646,0.45387968825001407,0.1714268571662631,0.5553174929183246,0.453984535550813,0.1644292870493984,0.5553373861561067,0.45350008645843365,0.16446955799166318,0.5553715546198218,0.4535709064674806,0.16459862894324137,0.555382185393088,0.45341737085469785,0.16451226516377745
0.0016171522926305855,0.5122144220630157,0.440379603172422,0.0017710892577758417,0.5120245395551982,0.4600250809500844,0.00183809404565222,0.5122636227093178,0.44390536875564535,0.0018802793668421468,0.5124846779731906,0.44366759223113766,0.0019051735728669765,0.5123593748120739,0.4333907784503102,0.0019325656266679665,0.5120242186146312,0.43368382094274766,0.001957151930908892,0.5123402093217789,0.4347157995324917,0.001981369589654315,0.5124259313433452,0.43375830993598735,0.001993145698346899,0.5123327425260156,0.44135360025846077,0.002014474304630717,0.5120864453339682,0.4361230898343378,0.0021081696810059955,0.5123738018623323,0.4334891508319913,0.0021084382496471144,0.512441951037804,0.44436274754012955,0.0021358664969855635,0.512307572122188,0.43352758336409586,0.002193655578047322,0.5124826078984761,0.4338131085731107,0.00227576216670811,0.5122958152740038,0.4333554446441199,0.0023115208321657144,0.5121542304340865,0.43338557833580577,0.0023227467164636706,0.5126056978350052,0.43354284719013647,0.0024358284188514046,0.5119275249884063,0.4333472039242977
0.6919431599687008,0.7683484013396998,0.7850253268620018,0.6919719329512429,0.768620570527395,0.7850377418051917,0.6921194402926701,0.7683914263979431,0.7876824850935167,0.692128662883483,0.7681189435378536,0.7974437131891964,0.692163950930799,0.7683381991994688,0.7888958527918407,0.692170154729563,0.7680679990008783,0.7851055191104723,0.6921747250412289,0.7680427320473379,0.7850722336607937,0.6923104433852272,0.7684780631898461,0.7856942446669085,0.6923167176102375,0.7681047161536231,0.7854561511447808
0.6041091752728514,0.8719719094551102,0.11430025070130052,0.6044497297311061,0.8718631887348798,0.11422709069852745,0.604462961645517,0.872101752953493,0.11432017246821712,0.6044955361995668,0.8718887056079923,0.11718379001262919,0.6045028960854893,0.8721269556082666,0.1394463109265584,0.6045531328292212,0.871757645530195,0.11429986272012975,0.6045799905893433,0.8716728467187771,0.11434393361184182,0.6046365333018023,0.8717063650682634,0.11424064291245875,0.6046687079047296,0.8719744775536061,0.11500055732262171,0.6046748226079407,0.8721685933326547,0.11425740502748423,0.6047004042873415,0.8719712762199778,0.11471748103011684,0.6051669905857807,0.8715911951334372,0.13611690280719657
0.8769748279080308,0.3026522997678079,0.897617584612263,0.8770391227551968,0.3030160609410386,0.896418738652175,0.8770891503389617,0.30286160998389416,0.9117746761644138,0.8771771535463829,0.30288410347055983,0.8963923452420309,0.8772398359410079,0.302884134070769,0.8972987834087985,0.8772659226843063,0.30301748309518384,0.8964193446308691,0.8773147031894678,0.3029325297801131,0.9013180536902894,0.8773284419926569,0.3026364532415574,0.8967429303318282,0.877352228269898,0.30237391813340037,0.8963990028001916,0.8773588348673202,0.30299166772361386,0.8965821499461705,0.8773691269901327,0.30244529698946626,0.9017048190387935,0.8774455029769067,0.3029509885874086,0.9205480748630187,0.8774746116189733,0.30297902051866,0.8965911699842238,0.8775543775366886,0.30318723195960445,0.8969489536834857,0.8776835818735076,0.3026961585645927,0.8963811931628267,0.8776865800657887,0.3027815304001171,0.9202268113739795,0.8777118660108908,0.30264680938772026,0.8964710683774474,0.8777841016201089,0.30303816562142055,0.9229003168631701
0.5052239542412984,0.16919959669794646,0.3574033734426866,0.5053814466211622,0.16937379773047187,0.3566970998077956,0.5054176325376407,0.1696568060737496,0.35840742277607673,0.505572228254295,0.16952100050865662,0.3566867619954611,0.505785072450454,0.1692357866193076,0.35662413253413233,0.5058302346141629,0.1694466383717912,0.3567040165415488
0.35496370990036025,0.10046943059054632,0.40631014279232486,0.3551912756343524,0.10090715802807758,0.40919960891152063,0.355253919511893,0.1011446938038954,0.3970748321979056,0.35525867569569486,0.10080672913831101,0.3975813926385589,0.35528902384729594,0.1003400769940422,0.397078970853661,0.35529129284217,0.10068694765610356,0.40367811584286617,0.3553442685476489,0.10060605622034167,0.3977230884534323,0.3553973744780201,0.10045000865069971,0.3970946316145468,0.3553996731108137,0.10038070715981344,0.408141219129962,0.3554226134041622,0.10061756938317633,0.39708816279836073,0.3554507338970637,0.10064206287095616,0.45461096953562286,0.35548202544487467,0.10052092139618239,0.39709166283152814
0.4304464315383307,0.3288246624130521,0.7975932060721904,0.4305145240685422,0.3288401724955971,0.8105915265785395,0.4305754717433092,0.3288610764621398,0.8063401097099925,0.4305975475477044,0.3292760211233411,0.8169544243706579,0.4306397022955729,0.3288258086680386,0.797535081615647,0.43064220239941303,0.32896680762923364,0.7988183310030471,0.43067083235149367,0.3286376346042587,0.7976123781386286,0.43070908778734507,0.32916133244436924,0.810942023422171,0.4307280938523867,0.32884229208981974,0.8044124506904132,0.43074059027418815,0.32889467651462995,0.7995464762448061,0.4309657064621517,0.3287177209837088,0.7975221314486282
0.18967609774032623,0.12385545798134008,0.6793655312553741,0.18981032031486098,0.12420358786076612,0.6788199957932193,0.18984906814401242,0.1243945008943647,0.7111019061713796,0.18992529343256928,0.12439033030912741,0.6792359938339363,0.18997071020214557,0.12468547510059112,0.6789459646264195
0.09341236457789674,0.997639497268579,0.1521096641036756,0.09352701815226613,0.9980947114222005,0.12643861116666,0.09353720437601092,0.9979189769108058,0.14582215370681265,0.09355045657713512,0.9980768223296853,0.1264498744358287,0.0937498493198683,0.9982571672831375,0.12647399586617122,0.09376115646596887,0.9978848727527917,0.16880262938793295,0.09382685164949346,0.9980503703638556,0.13486980560201564,0.09386113628886864,0.9979221556208263,0.12657032882234248,0.09395684005343319,0.9979534164513446,0.12933566263711843
0.771938239175875,0.4091483189804402,0.9119637570210554,0.7721341944547165,0.4092311381728043,0.9117980748377024,0.7721712083638894,0.4091194210928899,0.9118719957136897,0.772294909822645,0.40905718932298074,0.9126940442158504,0.7723523977088003,0.4093591789181246,0.9759107941840486,0.7723851413237068,0.40893966838421386,0.9119265931878061,0.772532161144265,0.4091731933306933,0.9117939889829265
0.5652808115436725,0.7719687490004409,0.3856052098415141,0.565367906059598,0.7718391841207903,0.3847449116614602,0.5654523648274205,0.7715223148009879,0.3852631502747569,0.5656353835579303,0.7718853861395074,0.38471736630794906,0.5657507400470625,0.7715021458845256,0.3850583241514148,0.5658187926922397,0.7715676235163934,0.39920380259151395,0.5659237694634789,0.7714774114899129,0.38627840926018475,0.5659942388767611,0.7713486137822448,0.39324561968511224,0.5660232618435941,0.7713319650404038,0.3990591893754109,0.566035887779327,0.7713824354266694,0.4030753202879225,0.5660524964233113,0.7717632880714609,0.384736468192676,0.5660963347027185,0.7717409605825225,0.38485880105831693,0.5661787757504447,0.7714649788837377,0.3923702328394083,0.5661986613408189,0.7714713097903869,0.39157389782247687,0.5662087574047262,0.7713640762134641,0.3908092734607575,0.5662322583239097,0.7716181780598736,0.4279752057508765,0.5663346676525741,0.7718905179045059,0.386875669293763
0.2723184246050775,0.7018483410601061,0.5453292084248489,0.2723760417958342,0.7019153843326069,0.5454357872662096,0.27240003489899844,0.7014418100719211,0.5638150000224335,0.27255588018021987,0.7014857330694566,0.5452996521002312,0.27257422437430456,0.7015022550728532,0.5457866924234276,0.2726149287490485,0.7013764009190825,0.5476579081416949,0.2727200951554214,0.7014866781541262,0.5453720880823884
0.8240908228828921,0.5828849392219472,0.24845429956232412,0.8241480152324367,0.5831915677241444,0.2482925517527678,0.8242365376261926,0.5829520733422621,0.28952154317978596,0.8243551267634079,0.5828507099713611,0.2540164608722316,0.8243874972266034,0.5830402066846516,0.24830296747875075,0.8244064717179901,0.5828141444040645,0.24840940223340927,0.8244354725111978,0.5830099389041516,0.25277282745329904,0.8245110173115343,0.5833006762576831,0.3075528780164941,0.8246322183114408,0.5828375604379958,0.2482644011286478,0.8246511283179278,0.5830283414728011,0.2829329055575254,0.8247716009178431,0.5830080875142425,0.26283829868966496
0.28103586337432457,0.48186338170950005,0.30376754945683,0.2813390264406654,0.48166094522279207,0.29338949888037547,0.2813395880265848,0.4819742808656855,0.27416425880877804,0.28142749281524365,0.4818009861191575,0.27398143705932726,0.28147900108801005,0.4818964700201835,0.28680316979411985,0.2814997293793278,0.48188304440109386,0.2741807022898977,0.2815457451545268,0.48197185983051605,0.2740228677326851,0.281583241745919,0.4817339243441372,0.34421515154044346,0.2815986079994577,0.48196078835365097,0.27453438733860475,0.2816341100000907,0.4826205883393011,0.2739540419526951,0.2816499425403269,0.4818370053061136,0.28923910717705525,0.2816792237788471,0.48200170173325296,0.2766566292262042,0.28169831008661567,0.4816942514623175,0.2820704881591856,0.28188990619432813,0.4820295605111383,0.2838695269944368
0.03526579455831084,0.7096234164600471,0.0552819509054346,0.0352751767053383,0.709560454634309,0.04030146276694489,0.03529285439742921,0.7095284258983323,0.040320128995289674,0.03538555625168347,0.7093591483824444,0.05274688145801694,0.03541244672513046,0.7097713481468239,0.040465330983336566,0.035443200022997945,0.7096077829638932,0.04055279184654982,0.035454525819743475,0.70957171227486,0.04219164766626408,0.03559082024055251,0.709826684495234,0.04197845219815024,0.03560308758389744,0.7096700561883001,0.043249729463448974,0.03561524647459835,0.7096697767599076,0.0406509428414802,0.03569387705656629,0.7097347113344962,0.05102369304392988,0.03574288761269515,0.7094007905843146,0.057157626181053314,0.03575522794769284,0.7097802169632974,0.057730809354754095,0.03585236543837641,0.709567509564959,0.047987494464315786
0.9895671116134831,0.5094728185458142,0.3940020550765759,0.9895814892095658,0.5089320349222515,0.3990170023914416,0.9896095856482542,0.5088211034685963,0.39657719374118544,0.9896229739821631,0.5089769910523779,0.40663141305294576,0.9896958005725676,0.5086810810056458,0.3940461178048336,0.9897102649952116,0.509128903583107,0.39469528072759086,0.9897526341241831,0.5090982576460492,0.39859356450245415,0.9898671822030084,0.5088374286868375,0.41357346381783167
0.21786881320869583,0.9189458886326766,0.38739731160616386,0.21793404101414957,0.9186364763844183,0.4009263399451613,0.21806303584458686,0.9186750756296429,0.38581033575937596,0.2182685575301589,0.9184326988512472,0.3858572148880181,0.21838600174124917,0.9184077477591691,0.38590145681877563,0.2184807330241601,0.9179705983280585,0.38583235826761625,0.21865028442798495,0.9187662130085988,0.3911732106831907,0.21865522395377382,0.918496572230319,0.3858323559024603,0.21883244969214252,0.918665188006658,0.38763276719558887
0.44988217025985644,0.0772602861301339,0.23960012558634958,0.44993976620648657,0.07770259678217045,0.2341781604862847,0.44995907601450863,0.07746269387981429,0.24383165683984537,0.44998345276014323,0.07735468900056541,0.23408886284199687,0.45004328320905457,0.0772309175547713,0.237945919816109,0.450067101611341,0.07711778497382848,0.23410109227087436,0.45010025391902964,0.07751449539093984,0.23411514010133236,0.4501313542057146,0.07745973590954414,0.23541896784901353,0.450156061017406,0.07759786158168466,0.234195887156864,0.45021536780384813,0.07755844179999792,0.255166289280847,0.45022422968466325,0.07732198723402127,0.235675113431105,0.4502351030679077,0.07713669704589401,0.2341550033614594,0.45025192468065883,0.0770592835525556,0.24638565437394885,0.45025331935763924,0.07730830077124325,0.23826562502788604,0.45026847800187064,0.07705845969589764,0.24323586829329977,0.4503146753956743,0.07751263588023875,0.23410373317794528,0.45034096365355564,0.07730274403826803,0.23406023860716463,0.4503961739171426,0.07734668583473063,0.23837138332406407,0.4504003462897448,0.07700693419689675,0.25820057138242714,0.45040334782422176,0.07719087891921458,0.2559788639920598,0.4504385242208269,0.077643292561838,0.2508506609436757
0.7900504622606387,0.536743734515523,0.6635215664120309,0.7901127648375615,0.5362795621226902,0.6632161007537385,0.7901412662035491,0.5366539035210386,0.6720296599636804,0.7902801428228681,0.5367588045733024,0.6797384621419817,0.7904128765509792,0.5363001928840325,0.663300765355227,0.7904193046198394,0.5358730379254101,0.663218836337793,0.7904292659270025,0.5364891374254681,0.6632972761334418,0.790527017844987,0.5365091124540385,0.6934165361623035,0.7905470694276607,0.5365390816358875,0.6913361743459795
0.3169290508193657,0.37923803089614777,0.36199143998497707,0.317056085589121,0.3791616610678452,0.3498695489984309,0.31712349471574364,0.37917656576917186,0.35018588311803095,0.31715798580516114,0.37949724337549245,0.3640534329179193,0.317190232728123,0.379279547577285,0.36351429096334603,0.317239820815717,0.379387134483208,0.34999574585445853,0.31724158669301833,0.3794536708984823,0.34992643120674405,0.31725666998037694,0.37929451526129887,0.34979337051054255,0.31729922857202947,0.37951242263618806,0.37740025549093925,0.31731818873841244,0.37910005799160534,0.4001069016819394,0.31747116925288116,0.37919108827154546,0.36561824555410505,0.3175046631225261,0.37897635355299925,0.35046471323775535,0.31757315820165677,0.37939366364819926,0.34976016482220945,0.3177175060317876,0.37894391777497566,0.36724192249337606,0.3177323745125926,0.3793678316080593,0.3497437286086548,0.3177354129606598,0.379869923181981,0.3497596486416474
0.9755604068137003,0.06178494361066388,0.05784943027072903,0.9758583632108486,0.0617569543195077,0.08276439496016252,0.976314876263377,0.061861567598334305,0.056644824004452456
0.7566241686304924,0.19478844761619338,0.5011413550925884,0.7567726590602794,0.19506088479358968,0.5014680063209803,0.756859434812067,0.19478444415185098,0.5011369749477614,0.7569117854504067,0.19462675185696418,0.519142405629379,0.7569278687531289,0.19503264552651386,0.5094511363701507,0.7569353568024355,0.19508620795328718,0.5011892213673315,0.7569517984002265,0.19456983416719026,0.5081766945770132,0.7569592403917123,0.19495601534819126,0.5010688347940807,0.7569748906698041,0.1949400035761882,0.579885555987601,0.7569875324550472,0.19508994845537278,0.5010676496742393,0.757038044715124,0.19474997180144218,0.50107839085956,0.7570953130342487,0.19501166104722376,0.5010772234862886,0.7571056991025683,0.19490582804252957,0.501235478632428,0.7571072147459519,0.19524305248149826,0.5010708691522932,0.7571296152795164,0.1949485926494439,0.5011574327466631
0.5220551028987273,0.9828079949396427,0.24249199026211637,0.5223339860504178,0.9823510989695285,0.2479887582923213,0.5223448363237899,0.9824432875815282,0.2424113527502081,0.522461598092788,0.9822341764542522,0.24253893669775323,0.5224660573882548,0.9820028841672808,0.24256645589969433,0.5225323365065678,0.9825306305639407,0.24286629256731793,0.522613531317873,0.9825470997348016,0.24258432754989886,0.5226566247791755,0.9826304286802652,0.25217359863683914,0.5226861592674782,0.982674363567036,0.24250181086493414,0.5227099002690182,0.9824516678032564,0.25690140041997317,0.5229351957380427,0.9823707571877704,0.2424551482236053
0.6096930920656664,0.591726470773249,0.7230522523963735,0.6097179621075383,0.5914996415223969,0.7216720985671423,0.6097812701777423,0.5919903147187197,0.722069356234189,0.6098848540299548,0.5916423143444188,0.7216921782822885,0.6098905356548853,0.5923224650153656,0.72167907690341,0.6098964644030528,0.5918134828052207,0.7235958088395631,0.6099155728418109,0.5918736374766208,0.7218612082747861,0.6099887631487527,0.5915896251028958,0.7221885159183206,0.6100320160343632,0.5918914757969371,0.7270948279210051,0.6101327637360362,0.5921323432370773,0.7220509877392922,0.6101818659477867,0.5917592015761745,0.7286815766222361,0.6101992290380255,0.5915490918676042,0.7686281374573803,0.6102060695750341,0.5917776618348354,0.729605161029914
0.7454632303409283,0.013162468981697109,0.9792390175600967,0.7454670876811837,0.013034521204791495,0.9663118639790194,0.7457339390687,0.012903410125409479,0.9991015405455203,0.7457361693729154,0.013154187685449814,0.9664791426870047,0.7457703246644345,0.012947498467749436,0.9672681489784405,0.745822484821828,0.012979391142723238,0.9662874693457145,0.7458417698417716,0.01266421489145816,0.969538631836704,0.7458924865655701,0.012698743260036782,0.9755294069213846,0.7458997932247375,0.012688081629599514,0.9676456386999532,0.7459223930364484,0.013199804538945446,0.9776778930765387,0.7459331361302445,0.012993803609754884,0.9713979725746186,0.7460139895223313,0.01271773797494321,0.9662824948944231,0.7460880288302767,0.012985025196435174,0.9663397260279813,0.7462370132327227,0.012807673057023464,0.976373012063494
0.40760973054424043,0.04830646006066885,0.770992030045713,0.4077413275735587,0.04801314282014676,0.7816155681825994,0.40778148081042154,0.04775878160540147,0.7714932166079569,0.40790292847993814,0.04730818967064584,0.7736182036673946,0.4079060128528568,0.04825682620623958,0.7906374704791697,0.40795510288523296,0.04805136011950301,0.7744131477742686,0.4079615365859512,0.04823492475866386,0.7712383388290931,0.4079909778726851,0.04767125624506747,0.7710187035191415,0.407995257625878,0.04833133974417606,0.7802347726425612,0.40802955081771597,0.047922717490125784,0.7912276777232378,0.40803598668108176,0.047825707184828675,0.8196094828002408,0.40807904209661017,0.04831956428716013,0.7765591179559097,0.40810610854327745,0.048359416825048886,0.7713760038978009,0.4081266873182618,0.04790362492727545,0.7711682648969688,0.4081970076632822,0.0482764468387596,0.7709890834277773,0.408213968850283,0.04814062820788709,0.7710982304546846,0.40826601432697196,0.04828741516972221,0.7710713923121105,0.4083744201449964,0.04789601548425516,0.7710073747863273
0.14510159937712805,0.27366086347212076,0.43701778469706054,0.14528803882103306,0.2735767810109968,0.43681995864534306,0.14536908382996697,0.2735544813513985,0.43664907964422467,0.1455413430708504,0.2734835850477057,0.43669539254266887,0.14554924827168345,0.2735231651960553,0.4391099901834765,0.14561119080172072,0.273452427433735,0.43696060845783924,0.14561604205246623,0.27378049503098634,0.47350078050593
0.3010861151658713,0.7723187338001946,0.9449077132913262,0.30127258467790563,0.7722477213609662,0.939228968766926,0.30127920440406974,0.7723941257933045,0.9491513250989323,0.3012901790029347,0.7720511626737588,0.9530443884437766,0.3013019164575389,0.7719688197807327,0.9402778411952476,0.3013045213924009,0.7722310983595808,0.9403997382712248,0.30131177139261917,0.7723989038726088,0.953206610334936,0.3013119349338505,0.7723581844173505,0.9393704907658122,0.30141684417113845,0.7723793286719821,0.9394916452745079,0.3014498542410949,0.7720292835338679,0.9391750228157794,0.30147387073276705,0.7721943349925956,0.9391779281215006,0.30147975304082547,0.7722497332120231,0.9540305264923272,0.30151540499258983,0.7722742131927005,0.9392163232610222,0.3015295532807849,0.7719508171936507,0.9413853299292212,0.3015830205059862,0.7720911373891822,1.0031926190989193,0.3016112764037239,0.7720334202618823,0.9391836778205711,0.3016454838765585,0.7721345691050147,0.9393161116126949
0.7469195856712328,0.5298728762915939,0.06034646199196117,0.7469659130661391,0.5304193513256412,0.05917448322750278,0.7471206625836626,0.530325980039628,0.059637409560391416,0.7471227791349614,0.5305675340990063,0.059229872658363596,0.7471762611678986,0.5304090572414007,0.06338112858570012,0.74719297511828,0.529948935907665,0.059348717329264195,0.7472530829807738,0.5299522320738119,0.05919174880852732,0.74726489362257,0.5299672407795093,0.06272512090079395,0.7472657529984544,0.5298789845245238,0.059213938735664766,0.7473257089311491,0.5302062453879383,0.059207846868748686,0.7473355474744072,0.5303087201078627,0.05966857709516868,0.7473411702058941,0.5306880512119184,0.059373361976202806,0.7473604906221004,0.5305462674373744,0.059315074598070214,0.7473685788906129,0.5302245669475074,0.059174278835919684,0.747381675375699,0.5308571455535502,0.0852741941297463,0.7474828244777277,0.5299317797793868,0.06550532576855689,0.7475606520223583,0.5303911878214147,0.05917282436747972,0.7475785606265541,0.5307434740721427,0.0661832312989748,0.7475940521348481,0.5304011291488587,0.059215831324419585,0.7476008596145659,0.5303690755267101,0.06602909159735376,0.7476014736161678,0.5301780693953658,0.07107294051537974,0.7476180936838678,0.5302013490012276,0.06731042274924852,0.7476488242580903,0.5303027452120551,0.1188878589868736
0.6099453964478236,0.6688507880080004,0.11437226752143849
0.21379988206255343,0.36154920049900674,0.41116213169121985,0.21386074579957795,0.3612868345067473,0.4111103901410511,0.2139627208258239,0.36164856808554746,0.4507761778363006,0.21404205826065417,0.36166023925620605,0.44270807948478497,0.21405583617423868,0.3617627267988562,0.4498835621799939,0.2140798811268892,0.36119744797677134,0.4474991338055995,0.21411016189311283,0.3613511690179476,0.41274263740779005,0.21417416489456506,0.3617309608923514,0.4110533651389131,0.2141797117607083,0.36140200240910647,0.42921946308489356,0.21426674015866135,0.3613764935274476,0.41102164821038945,0.21430484535082447,0.3616375364289343,0.41457894998686723,0.21464544222096277,0.3615455702148633,0.4142743089171322
0.9934265011303054,0.2845690806503416,0.8282644033091343
0.9880154647819762,0.2527906314802203,0.06821372728380444
0.905910021571253,0.36018747000002477,0.07402043236001639,0.9059164644580114,0.3600149517103437,0.06706688607600211,0.9060421438281506,0.35986253180571653,0.08830659036817134,0.9060946685075595,0.3605205787978151,0.09267661855078388,0.906097890173856,0.3599688694449588,0.07912546630460285,0.906107608680123,0.36029863695704056,0.06700476642154665,0.9061223906978875,0.36023275475813643,0.06996831458392008,0.9061241033906912,0.3603792045244489,0.06730678676718234,0.9061316198333983,0.3599100216880145,0.06834192983670785,0.9061382032876596,0.35983722771896387,0.06707314412314083,0.9062080238278795,0.359881345260716,0.06705626818388562,0.9063102506159145,0.359785011099242,0.09909238091509583,0.9063282745899442,0.3599176153614164,0.06824158636767183,0.9063445811442187,0.36006891868754587,0.06722380330389947,0.9063644831892438,0.35966390483482874,0.08274816941148141,0.9063733355850013,0.3600159647840617,0.0736348376549857,0.906399082440613,0.35981063304037303,0.06697869844141988,0.9064111936709606,0.35999465111488355,0.07273875186342092,0.9064324890617406,0.3601260539842453,0.07387698293185087,0.9064807495173732,0.3599680529372011,0.06701672821825735,0.906503657059027,0.3600208105032596,0.06720229904522555,0.9065330026699876,0.36016843162937623,0.07556368225003522,0.9065591256251438,0.35987949048064255,0.09214400072976767,0.9065877386934202,0.3604974061702914,0.127328625694833,0.9066613723906608,0.3600624140318789,0.06716103435768492,0.9066859480094842,0.3596484282284315,0.07854158575504092
0.37590936826693433,0.727390823349255,0.7150613229551377,0.3760438842114327,0.7275558194509063,0.6859335582274211,0.3760817872181642,0.7271134602216621,0.6861800078136755,0.3761387162825426,0.7272052108027427,0.6859301286665593,0.37618220125811913,0.7274437511607122,0.6859680322101714,0.376186196662335,0.727263955666879,0.6859911290961115,0.3762731682547226,0.7273074127097539,0.7393550669257873,0.3764090004038502,0.727758654041742,0.6861992055345125
0.013819618769094492,0.1279070558569654,0.42776708539125086,0.014050389926129983,0.12754241819238607,0.4249942161019018,0.014080675816456589,0.127678256752031,0.42040247838001227,0.014110056591128616,0.12752023355040154,0.42039203840258005,0.0141197681320936,0.12780314290284336,0.4293798330925033,0.014126095583027746,0.12781658919717098,0.45572129755889795,0.014150156829072155,0.12739701666047873,0.42048424804395457,0.01415402933463499,0.12751110264028687,0.456506588516065,0.014197908791394058,0.12730193874577217,0.4205745215722735,0.01428759530636366,0.12732054459294212,0.44198792933039155,0.014287939780031464,0.12745139908019157,0.42066141014547925,0.014303274438835388,0.12764992102362294,0.42036950028273623,0.014348509260037366,0.1278095313680855,0.4205440153866257,0.014365209064809368,0.12753860195393774,0.42059530911993565,0.014448488700127021,0.12788961382741706,0.4203811941942996,0.014454501934974209,0.1271372583239125,0.42051869309739104,0.014467442331087597,0.1271563813378186,0.43134838060307845,0.014482703325078027,0.12764605976540638,0.42041279572710755,0.014652911731072906,0.12753073624864106,0.42041243469496664
0.19334661344721585,0.9936865808764458,0.44126476655386293,0.19345815383740667,0.9938784905368976,0.4457768653327988,0.19348234667911252,0.9941192973113425,0.44140975715208264,0.19357710450669396,0.9942151528035506,0.44723708756389974,0.1937221728760374,0.9941909760210577,0.44172106032862457
0.7977047713287861,0.4435506603103249,0.9139010150175695,0.7977953884127408,0.44339751647799425,0.9470293225680241,0.7979202520524304,0.44336672939528243,0.9159175214551135,0.7979769144566085,0.4435569328689067,0.9153740270098492,0.7980484603614496,0.44380981050449503,0.9138032861867235,0.7980877808398547,0.4437172337730708,0.9426668605170058,0.7981074500174211,0.443315482371359,0.9139901958444496,0.7981116309051823,0.4436102121769047,0.9159206047419407,0.7981731889384251,0.44335404132067313,0.9227724422209413,0.7982240728746344,0.4435447768280147,0.9196045883610242,0.798304902724926,0.44380002731061563,0.9139577130429632
0.630361797371663,0.7827002655605796,0.4052920315875666,0.6304515734415388,0.7821414290393558,0.4142479457391855,0.6305027729892755,0.7826009709202233,0.42647133383213687,0.6306423412271649,0.7824863550891278,0.4150811241691693,0.6307162366765313,0.782417766606003,0.4436574443286856,0.6307361390764781,0.7824664183398475,0.4132919179404138,0.6307508256001779,0.7824357578797005,0.41770338680954455,0.6308646782024594,0.7826560869798329,0.4051648192044737,0.6308814699243148,0.7828642912351798,0.4060155343695152,0.630920130998619,0.7826528742776616,0.4051389080671748,0.6309233003473897,0.7826112282915647,0.4054979798542028,0.6309301471875559,0.7831304657667149,0.40506984321765305,0.6311513716838418,0.7826617994021009,0.41496373404073456
0.4128691609512129,0.03921508205869625,0.1583053464998786,0.4129466231372819,0.039416368942357866,0.15781114000028815,0.412963450221785,0.03944483231500449,0.1808642000751044,0.41309595159096296,0.03951373301750695,0.19554736851579418,0.4131577981976882,0.03924666011927018,0.15817466087025397,0.4132029248321282,0.0389760343066694,0.17006249967140602,0.41326513134608567,0.03889570556575246,0.16486632737420287,0.41326821650798484,0.03879296164889552,0.17352849402686832,0.4132975895513434,0.039298048707570934,0.15778927815013166,0.41330165659836016,0.039296717395423814,0.1722990982695209,0.41333746927179904,0.03897035600454981,0.15779767718448776,0.4133456851485518,0.03928260693731398,0.15807873727978863,0.41338244605535657,0.03933569831857615,0.1803368680117966,0.4134255878790436,0.039565903058874925,0.15773270823920532
0.05772871157364788,0.2353439619684519,0.25183255782757014,0.05775446226633048,0.23567541907797523,0.22298036787197137,0.05777618330457207,0.23475563379897119,0.2378087160267627,0.05778025189430116,0.23527329994712362,0.22298792783526172,0.057910066111222125,0.2354182088438968,0.23150640231934427,0.05802266165131639,0.2354527954677116,0.22335945868346313,0.058076638160625194,0.23529813699246935,0.23350615411175463,0.058097043344230964,0.23544456230107702,0.22305636043102633,0.058132410177892654,0.23543022517977147,0.22297709720168868,0.0581704319843326,0.23589023164910713,0.22300686572295741,0.05817280514535312,0.23521666119993914,0.237786200161476,0.05824326885247529,0.2353890679462574,0.2544039860886222
0.452887140000047,0.15180772374920487,0.48929680485154686,0.4531432736010174,0.15109394008699678,0.4805210591931881,0.4532610345674904,0.15150666473410798,0.47893600674819986,0.4532699185376554,0.1508255949355108,0.48607207845587247,0.45330783169166255,0.15142618985019962,0.4791366442978598,0.4533562290274463,0.15116921704903544,0.48347586553412464,0.4533572503241474,0.15122101528282936,0.49375224329531525,0.45343223069586425,0.15105470099160698,0.47895916361356594
0.8290094488879443,0.11886968051073753,0.765191572420357,0.8291932338241451,0.11866312362103296,0.7642984092866854,0.829207201677584,0.11901810956859077,0.761113829486862,0.8292457099261699,0.11879454700402504,0.7754932310911893,0.8292867958665343,0.11851809270800304,0.7611466872134556,0.8293736112393125,0.11863914221483679,0.7693385537499435,0.8295926594496001,0.11909418470508305,0.7617313981349938,0.8295942593194884,0.11879473395066946,0.7665592196609662,0.8295996695655342,0.11874772302023842,0.7611346286455323,0.8296172453180902,0.11863978980473612,0.7611235721562591,0.8298671734375145,0.11879912273078583,0.7821013756193026
0.5994038713511699,0.7861587752742547,0.7370436740485895,0.5995646622358966,0.7863390260736393,0.7370551891143934,0.5995945669203477,0.7860693281195961,0.7467638571368665,0.5995976994592979,0.7860154062030026,0.7372939663394256,0.5996098944766813,0.786551174369307,0.74248166231017,0.5996385197380717,0.7861714437598926,0.737028967094607,0.5996395591268838,0.7859843026339325,0.7370634646541059,0.5996414090214736,0.7864073647156309,0.7408213396145271,0.5996858896515309,0.7865216964326829,0.7487166726150962,0.5997327244420525,0.7859949778442461,0.74225448557988,0.5997755840946912,0.7861993586919709,0.73704949653372,0.5997929358094781,0.7861111396322081,0.7372525835559441,0.5998170459515015,0.7860342162320524,0.737679750884149,0.5998236700916051,0.7857735029604036,0.7598761735737278,0.5998494985575435,0.7862168574109804,0.7370443218972509,0.5998521769124987,0.7863766436220012,0.7388347142342645,0.5998996455066543,0.7861926845931377,0.7613581903223205,0.5999218559581336,0.7859329479585587,0.7377761907767129,0.5999663525065286,0.785780745454499,0.7370484409450389,0.5999688065496495,0.786479733663078,0.7395348177758562,0.6000191040953404,0.7861523134073951,0.7594140418314659,0.6000991572613796,0.7858819956575824,0.7374207783602428
0.7808014441605466,0.26022300916669905,0.550059717124801,0.7809098954428629,0.260246540975481,0.5511164630506231,0.7809501328180232,0.26072777598443203,0.5497726667197158,0.7809861479171039,0.26026774055679563,0.5700100527234723,0.7810328194945899,0.2605638865667755,0.5500628413059417,0.7810428809662139,0.2604387352574866,0.5835066948727049,0.7811213339160193,0.2601262711928941,0.5500610515304861,0.7811269948452475,0.26035741917056143,0.5498783230692349,0.7811438616600997,0.260693038509809,0.5551331841735759,0.7811787155250168,0.26016389833215803,0.5641960507595385,0.781185282822853,0.26009958334321476,0.569775827340358,0.7811944495338553,0.2602385409723813,0.5498429659364039,0.7812423763610865,0.2601712245710242,0.5734143150687275,0.7812427868145599,0.26031578270328765,0.549789669271232,0.7812531000525019,0.26028601450332967,0.5507056152173345,0.7812933622367464,0.2601968986736779,0.5497909646412509,0.7813337520825503,0.26044064746881235,0.5838374328024707,0.7813585931132127,0.2599530175158732,0.5535028519521485,0.781368317903309,0.2606031133700845,0.5499631966460676,0.7814098094003674,0.260084334533284,0.5640964054349757,0.7818140666940798,0.2601490504270412,0.5497837448152353
0.6604670641476217,0.6852781887434256,0.3096608641110592,0.6604782884641942,0.6851390555569842,0.30990192986460147,0.6605256107321635,0.6852884709465196,0.3096956428863888,0.6606838913530065,0.6850073743958366,0.3100159505148516,0.6607109901333427,0.6847781422732506,0.3225086624866526,0.6608115796138021,0.6849303587945887,0.3157860667739532,0.6608187722742415,0.6846720202022873,0.3176553785648423,0.6608226204717081,0.6848656576547625,0.3095754990190648,0.6608300217245947,0.6848105838183206,0.31889484541077484,0.6608334904241246,0.6851403401793349,0.3095859575525164,0.6608336247851794,0.6852257245013944,0.3096293095902354,0.660885661803838,0.6851568798009956,0.3195673178371185,0.6608991796240334,0.684770233476242,0.3168257619453444,0.6609108613078098,0.6850182138767211,0.30973075039955245,0.660922047600946,0.6849391324469896,0.33104906181531973,0.6609270197968776,0.6848148539780331,0.3097942422911669,0.6609607198760152,0.6847163541641893,0.31211690442869955,0.6609677812147181,0.6847318602441553,0.31047804734291984,0.6609987121871419,0.6849061514592466,0.3097037326587808,0.6610118240001815,0.6846385803439795,0.33219999302958353,0.6610457709995624,0.6846193518115475,0.30955408471076373,0.6610485019447297,0.6846312237592986,0.30960451802309663,0.6611512156011863,0.6849823888805158,0.31342871521821053,0.6611738853139633,0.6848686234867449,0.3095950696971917,0.6612556985297886,0.6846833234349945,0.3842374678178826
0.7250350834566263,0.47818224026676626,0.8758735664549919,0.7251933011411503,0.4775438086255592,0.8892123267347791,0.7253112217310697,0.4778828757710308,0.8692722800814331,0.7253231837692389,0.47799850743019245,0.8735525959752786,0.7254889587442652,0.4779106845883634,0.8596800804199198,0.7256271329602667,0.47756643638077956,0.8515706498047871,0.7256801572898671,0.4772422843260744,0.9123570668299402,0.7256859286614901,0.4775162646152573,0.8515031649483964,0.7257386841500149,0.4776201616188111,0.8681680747291889,0.72596633794764,0.47756561790284097,0.8720027953880946
0.7563631229245805,0.6371887166483295,0.9571906944496119,0.7565403804400526,0.6375700027656782,0.9461002571502527,0.7566414824693367,0.6369836079869572,0.980944320604058,0.7566674761292171,0.6371421533669284,0.9675382758284092,0.756676315363454,0.6374486384489652,0.9461310874013606,0.7567197112347899,0.6373395419910588,0.9693441478695151,0.7567401947460474,0.6369556257998122,0.9461041416294833,0.7568237506260087,0.6376651942764129,0.9469162320824522,0.7568387179308197,0.6374912048742215,0.9461085078428815,0.756851176682988,0.6370785276381652,0.949395903631697,0.7568846763360543,0.6373318233716203,0.9654303468789333,0.7568949705997662,0.6371572171506618,0.9565732636920157,0.7568999694797203,0.6370899251009277,0.9680219108397106,0.7569279384556126,0.6371078801717752,0.9635723327587886,0.7569334115045585,0.6372562051813799,0.9650072810620863,0.757115156730086,0.6375011720666707,0.9460845656596999,0.7571373543769638,0.6371237256063116,0.9644238883669434,0.7573351207904649,0.6370675120551025,1.0348251524865515
0.8894820004513128,0.8441209145001362,0.5057685435536299,0.8895934062992501,0.8445137643904143,0.5057205283084737,0.8897670936164566,0.8445395172624478,0.516529610978137,0.8898291366586601,0.8442587926671111,0.5058932943734258,0.8898673733428567,0.8441249032184897,0.5061652933537156,0.8899849181550105,0.844561511422233,0.5058863346807655,0.8900966360724866,0.8446388538064364,0.5056388006522726,0.8902121537518588,0.8445066020511024,0.5101769075427283,0.8902368738823476,0.8444501054754722,0.5056426809820447
0.8551808333332939,0.8338262156998224,0.622422225681557,0.855220313431912,0.8332401690918897,0.6225214009921661,0.8552386683270041,0.8332462928647122,0.6341148048464617,0.85524439401517,0.8333033812624432,0.6267367101570607,0.8552739633846074,0.833352612756703,0.6342514375210314,0.8553048852247528,0.8334096551662339,0.6224563460829172,0.8553590618803408,0.8336110887735981,0.6225285043322427,0.8553783794680168,0.8332740794695472,0.6265444124272179,0.8554215272894894,0.8332023741694848,0.6225544487777904,0.8554392563802983,0.8334404869551764,0.6231529054635186,0.855492049997348,0.8338724287840011,0.6225782836955668,0.8555123189076922,0.8333420718515356,0.6428248962344911,0.8555130392414905,0.8335224990575306,0.6224752361539512,0.8555599271670299,0.8336527181476905,0.6224325160531127,0.8556062640645338,0.8335341383545458,0.6226389792027096,0.8556108859850744,0.8331170855153683,0.6225460013340111,0.855615299214599,0.8333065408589269,0.6232456927732987,0.8556224050071345,0.8335025983151412,0.6366334637998319,0.8557243761747871,0.8335321962899354,0.6227600594800551
0.12056001471877599,0.6092799158680107,0.1664927810104296,0.12084022432913642,0.6090463063738107,0.16704654272108282,0.12094584320707102,0.6089738796657619,0.16638299721173086,0.12098408949395288,0.6092095739841568,0.16635590535277275,0.12098422330409207,0.6093004829051678,0.1663966279217969,0.12099882729797609,0.6092422454277482,0.16637245531535677,0.12103593723163636,0.6095654023251266,0.16911488805560762,0.12104724730424687,0.6093399999304,0.1664677450592021,0.1210830044303999,0.6090699761246764,0.18617415191455294,0.12110093746578324,0.6091429337777141,0.1664597070966371,0.12110206429744054,0.6092963664341533,0.16636376771804134,0.12113013986109812,0.60921474253753,0.22987929359437198,0.12118169150300243,0.6091009217384138,0.16699072452643268,0.12118468816017876,0.6096828077357574,0.16637314406249584,0.12119652851241888,0.609477313435515,0.16742832061937646,0.12121143224592076,0.6093456776068082,0.16673784718357038,0.12124194546510779,0.6091875866839473,0.16639363076153862,0.12128660482152688,0.6091968727792856,0.16638830056693357,0.12138270358897105,0.609242970081593,0.18503340834507567,0.1214315852518347,0.6093169897002003,0.16636891912162347
0.2384511181982849,0.2357267885419492,0.29004968883214766,0.23853625798435682,0.23569955362649497,0.27858365169720184,0.23864008937164863,0.23552853213406771,0.2799959617765725,0.2387146499836168,0.23578424391077749,0.30395648453582735,0.238767354874187,0.235547194767656,0.27846420038596964,0.23877183445278805,0.23580168759719272,0.29308823450434157,0.2387855575576993,0.2353015123781622,0.27899466804330786,0.2388327057023514,0.23581135046245078,0.2873564940080804
0.2167842103308423,0.8250852014716287,0.05030934677897213,0.21679277723848292,0.8253851344684819,0.05053778507793544,0.21704402554037858,0.8253010706916134,0.05286110830335729,0.21717903791803417,0.8249530620241302,0.05041767455380948,0.21722264020783863,0.8252702116787295,0.06129033632857277,0.2172309155142775,0.8249587548461842,0.05014669469061539,0.21723465165770275,0.8251784612944627,0.05020874536635607,0.21728390280601265,0.8251982567671603,0.0504834638223622,0.2173886846942944,0.8252762895398519,0.05245004061384071,0.21746095534953597,0.8254702354615253,0.05880240204764202,0.21798992966288894,0.8249566288928843,0.05388843448008794
0.6049448485486446,0.9580395195435303,0.4333076368233402,0.6053210521642165,0.9582111550675264,0.4508835362546386,0.6053351040925774,0.9581428758407667,0.4757941799858855,0.6053833439076013,0.9580356075814996,0.43812160720033255,0.6054245829285478,0.957720282149978,0.43341233170646304,0.6054275880660526,0.9585743976933726,0.44213353808963535,0.6054312371511146,0.9576326081936279,0.4344084094902729,0.6054551315775373,0.9580002902027156,0.4345525276249969,0.6054916201385611,0.9580951808996432,0.4671051980899252,0.6055020336047394,0.957932861371372,0.44325792694180377,0.6055621167491465,0.9575380865574383,0.4335971346222775,0.6055734329902386,0.9583166947595896,0.4334806871938416,0.6056021113159736,0.9578878914463311,0.4672680626439246,0.6056645129154791,0.9579912274256648,0.43338758875199757,0.6057074668520365,0.958139902521172,0.4629758544043034,0.6057195478808278,0.9580967594665287,0.43330796480405837,0.605727279261587,0.9581276930060199,0.4388924666764437,0.6057555314264274,0.9578352339336548,0.45486433830773626,0.6058320625119766,0.9582386121530072,0.43332214218519255,0.6061335113651363,0.9580582922007489,0.4338174598020656
0.19221307963909617,0.6800868776894589,0.3890169653185142,0.1922705956447353,0.6801468972243723,0.3888904352286555,0.19274100807773736,0.6798177489296927,0.42444920230747607
0.5010934159634063,0.23557027469301983,0.7269908475435125,0.5011175880587877,0.23540018563543844,0.7207777316837042,0.5012294055397692,0.2356576420875081,0.720785943452061,0.5012851439867877,0.23567130937133235,0.7701302639727536,0.5013422840890406,0.23539742401264957,0.7208643075005945,0.5013770037233356,0.23566988470894387,0.72073637741295,0.5014505628139286,0.23560864363452894,0.7402611832535432,0.5015376028270092,0.23578192622514502,0.7313703575388915,0.5015547362445677,0.23580138069386608,0.7207342268511162
0.6056271987567966,0.036740443011017955,1.0058895351775052,0.6060223023751539,0.036686568874111265,0.9979142460475781,0.6061380902061253,0.03688303613589089,0.9978542925968572,0.6062766460690496,0.036976043167904704,0.9979034618439421
0.8136007695602026,0.1618431511807765,0.09048151058289786,0.8137305145291269,0.16135458574510597,0.07853581215212058,0.8139067348380471,0.1618522508951873,0.0797696686313351
0.6765922526210904,0.09942999193035187,0.566987924365299,0.6769192697448099,0.09939758041212937,0.5711702023343791,0.6769325857667773,0.09918184272914536,0.5669894215841986,0.6771002073967122,0.0992779831347472,0.5670065682030917,0.6771317361003742,0.09926311319463159,0.5672026608462997,0.6771486745946261,0.09909430350883891,0.6181097470149092
0.40032837345419664,0.9597523735300528,0.2907045513101618,0.4005726048762227,0.9596092667700207,0.28718644610540833,0.4006589953540595,0.9600262163425473,0.2872251424470559,0.40066237321995624,0.9598172266824355,0.2872484261761391,0.40069666805090376,0.9596879049251587,0.2875215103537201,0.4006981787348768,0.9595304942601437,0.2871860332498378,0.4007475135234864,0.9599927304969567,0.28809372641952175,0.40078928775119943,0.9594495185944907,0.28721091380557606,0.40079756064749295,0.9593133624397605,0.30801553884682364,0.40088269251001507,0.9598998464774043,0.287348732295825,0.4009908354519619,0.9595986393995712,0.28724915717981875,0.4010424466308376,0.9600331010430335,0.28718776012219327
0.07935479306435726,0.17776311606271916,0.5364948464042979,0.0793899993448544,0.17805738203010243,0.5414487552339338,0.07942119163756603,0.1779520894288356,0.5362709833820569,0.07960749849577384,0.17789208670888826,0.5497663164978558,0.07965711380656365,0.1779980611351039,0.5385309930438974,0.07966033416256595,0.17753870091644325,0.5465078736687924,0.07984198414666906,0.17776513771931549,0.5368329671954909,0.07995478911905796,0.17823036664179415,0.5367592338457922
0.8183847352185489,0.48411437268492724,0.5055052772485442,0.8187100601419058,0.4841557594544606,0.49958407327269266,0.8188008276376588,0.4838979096045131,0.5297736822438832,0.8189244144613134,0.4839796236790649,0.4995845900601799,0.8189502148613745,0.48379636837259116,0.5050453386781679
0.5102764841442005,0.35642048245096775,0.09345172468846236,0.5102850984425623,0.35636314928574403,0.0955794288664901,0.5103310187416426,0.3561432886553928,0.1486081838670872,0.5104478631619737,0.3559690958513693,0.09383386437881427,0.5104717148135149,0.3567178056580822,0.10081614833968908,0.5105295597734463,0.35645008170242587,0.09629571935643486,0.5105371052090429,0.3567839844164328,0.09927542555828968,0.5106334580556844,0.35654967142141447,0.09855438646897376,0.5106371135029446,0.3568567461885332,0.09360559630314877,0.5106922171502313,0.3565334800353036,0.11197715688182246,0.5107211544234467,0.3569054067956387,0.10798078643611048,0.51074746455761,0.3568021627296189,0.09613098379193029,0.5107841524162535,0.35659825541933954,0.09342034123348532,0.5108040785192863,0.35658640686181464,0.09750997215540928,0.5108228898271343,0.35620384672866895,0.09343834004806359,0.5108815609211353,0.35604870558566,0.10493943842390849
0.6086351078267838,0.48977135770667735,0.35175859180156405,0.6087401307574726,0.48979824398166144,0.351721141324725,0.6088283627747919,0.4896758479060314,0.3566043760994524,0.6089161368462932,0.48983950298278883,0.3516579519687997,0.6089386827363125,0.49018152796776593,0.3786514212525298,0.6089752218484223,0.48961409261593475,0.3520190604507176,0.6089999491460333,0.49004659080088875,0.3669396812546127,0.6090221656175522,0.48982644047962093,0.3516259984243473,0.6091101676081565,0.4899510161489862,0.3522499169179644,0.6091254330294036,0.4895961670649166,0.35178410373228036,0.6091401822400724,0.4901353429580935,0.35162220910093717,0.6092320235293364,0.49001840050893364,0.35166650058654403,0.6093869881805092,0.4900848708393837,0.3516214604564587
0.1810965515128949,0.3505226881496119,0.17087609732166154,0.18115027269550243,0.3499072584466832,0.146256088013358,0.1813471104346506,0.34988671862217036,0.14633339843729615,0.18145953437113194,0.35032142899530655,0.14626282432757642,0.1814880624517271,0.3502995271537203,0.14636854301168284
0.0892890736360602,0.7706710137763874,1.0167398741309246,0.08936760083440767,0.7707774118545183,0.9959043480878956,0.08952386318018049,0.7706894905375312,1.0105159738001774,0.08965571032363925,0.7708891053663286,0.9959070266362222
