x [px], y [px], t [s], nPhotons [1], PSD value, t_relToExtTrigger [s]
  79.70,  117.76, 5.941437500000e-04,  25.0, 8.286639518750e-02, nan
  26.17,  104.30, 6.040593750000e-04,  62.0, 3.492809651714e-01, nan
  50.97,   89.55, 6.276968750000e-04,  15.0, 9.165989677083e-02, nan
 242.62,  139.93, 1.239034375000e-03,   6.0, 3.222701562500e-03, nan
  22.14,   33.22, 1.367579687500e-03,  42.0, 1.363197657366e-01, nan
 230.83,  210.02, 3.055015625000e-03,  42.0, 9.540167180060e-02, nan
 200.08,  222.05, 3.106196875000e-03,  27.0, 2.087629257523e-01, nan
  19.79,  164.00, 4.806284375000e-03,  58.0, 1.160869557381e-01, nan
  29.32,  177.91, 4.809529687500e-03,   2.0, 2.781562500000e-05, nan
  15.45,  159.82, 4.813043750000e-03,  14.0, 5.098569140625e-02, nan
  23.74,  162.46, 4.832581250000e-03,  11.0, 1.172027028409e-01, nan
   7.71,  182.35, 4.832982812500e-03,   5.0, 2.587898875000e-02, nan
  16.36,  170.98, 4.870823437500e-03,   2.0, 3.870698828125e-02, nan
  11.83,  154.55, 4.871735937500e-03,   2.0, 2.865026796875e-02, nan
 109.20,   37.84, 4.893707812500e-03,  40.0, 2.134027925781e-02, nan
 106.25,   47.94, 4.909817187500e-03,  33.0, 7.355237840909e-02, nan
 101.88,   60.96, 4.989998437500e-03,  32.0, 2.054093515137e-01, nan
 118.96,   24.53, 5.172039062500e-03,   4.0, 4.447029414062e-02, nan
 117.61,   37.46, 5.804076562500e-03,   3.0, 6.538255885417e-02, nan
 175.99,   26.34, 8.187803125000e-03,  85.0, 2.314944653676e-01, nan
 184.40,   36.55, 8.193893750000e-03,  20.0, 3.242997914062e-02, nan
 196.98,   42.14, 8.289114062500e-03,  17.0, 5.129594834559e-02, nan
 217.34,   55.72, 8.341296875000e-03,  40.0, 1.771214521875e-01, nan
  80.82,   43.79, 8.780418750000e-03,  18.0, 1.089834836806e-01, nan
  99.04,   55.21, 8.786314062500e-03,   4.0, 4.307177070312e-02, nan
 175.18,   59.39, 8.904726562500e-03,  20.0, 1.088740917188e-01, nan
  98.39,   83.46, 9.068303125000e-03,  15.0, 3.185410729167e-03, nan
 101.72,   87.76, 9.068339062500e-03,   4.0, 1.477613867187e-02, nan
 102.40,   84.71, 9.068931250000e-03,   2.0, 2.746019531250e-03, nan
  85.87,   81.07, 9.081104687500e-03,  43.0, 1.853954364462e-01, nan
 175.98,   60.94, 9.246754687500e-03,   8.0, 7.599498144531e-02, nan
  95.00,   76.32, 9.340829687500e-03,   2.0, 8.437796875000e-04, nan
 219.74,  214.81, 1.010237968750e-02,  11.0, 1.706469007102e-01, nan
 109.02,   27.67, 1.287568125000e-02,   2.0, 2.394923125000e-02, nan
  13.22,   29.57, 1.375648906250e-02,   3.0, 7.043491510417e-02, nan
  12.97,   73.14, 1.558030156250e-02,  61.0, 1.417425884734e-01, nan
  -0.46,   66.42, 1.558379218750e-02,   4.0, 7.972003515625e-03, nan
 126.59,  240.98, 1.632018750000e-02,  66.0, 2.300596842093e-01, nan
 113.99,  239.48, 1.636066250000e-02,   6.0, 3.672950520833e-03, nan
 124.92,  233.69, 1.639251406250e-02,   4.0, 1.275124960937e-02, nan
  19.22,   81.13, 2.045398750000e-02,   4.0, 4.852626054687e-02, nan
  56.76,  158.84, 2.206726093750e-02,  26.0, 5.697581328125e-02, nan
  73.60,  187.45, 2.212147500000e-02,  16.0, 3.083320888672e-02, nan
  79.90,  136.22, 2.222776875000e-02,  13.0, 8.775208990385e-02, nan
 157.82,  212.62, 2.336422812500e-02,  30.0, 6.931715697917e-02, nan
 143.09,  234.62, 2.346539843750e-02,   2.0, 1.993924453125e-02, nan
  49.89,  143.37, 2.356067343750e-02,  18.0, 1.763618802083e-01, nan
 152.79,  236.27, 2.359261875000e-02,   6.0, 2.189567447917e-02, nan
  97.90,    6.19, 2.602239218750e-02,   8.0, 1.028933613281e-02, nan
  88.90,    3.12, 2.604144687500e-02,   2.0, 4.191934375000e-03, nan
 104.86,    9.23, 2.604807031250e-02,   3.0, 3.738489583333e-05, nan
 228.53,  173.18, 2.720773750000e-02,  12.0, 1.730236588542e-03, nan
 228.88,  180.76, 2.720931250000e-02,   2.0, 4.508054843750e-02, nan
 193.26,   48.69, 2.806111718750e-02,   2.0, 7.509086718750e-03, nan
 186.23,   23.72, 2.809440156250e-02,  14.0, 1.468787455357e-02, nan
 235.64,   81.32, 2.822471406250e-02,  24.0, 7.643103378906e-02, nan
 183.27,   34.69, 2.897926875000e-02,   2.0, 6.108990625000e-03, nan
 155.83,   68.66, 3.109407656250e-02,   7.0, 1.072781752232e-01, nan
 175.37,  136.98, 3.243294687500e-02,  31.0, 5.909447711694e-02, nan
 178.18,  136.63, 3.243330000000e-02,   2.0, 4.246475703125e-02, nan
 186.47,  124.32, 3.249614531250e-02,   2.0, 7.592265625000e-05, nan
 163.59,  227.16, 3.478913593750e-02,   1.0, 0.000000000000e+00, nan
 150.12,  250.21, 3.493460000000e-02,   1.0, 0.000000000000e+00, nan
  98.60,  212.77, 3.527039218750e-02,  46.0, 3.013785688179e-01, nan
 197.96,  190.75, 4.193404687500e-02,  13.0, 4.557988822115e-03, nan
 194.91,  173.77, 4.194240781250e-02,   8.0, 4.624832832031e-02, nan
 187.55,  206.76, 4.197678437500e-02,   6.0, 7.200152265625e-02, nan
  75.72,  192.71, 4.205322500000e-02,  10.0, 1.249764062500e-03, nan
  81.34,  189.80, 4.205996093750e-02,   2.0, 2.383093750000e-04, nan
  59.21,   88.00, 4.325529218750e-02,   7.0, 3.271479084821e-02, nan
  72.19,   91.25, 4.438172656250e-02,   3.0, 6.669337760417e-02, nan
  89.68,  107.48, 4.460315468750e-02,   2.0, 1.384308593750e-03, nan
  84.15,  103.85, 4.460990937500e-02,   2.0, 4.975506328125e-02, nan
  80.04,  156.93, 4.654116406250e-02,   8.0, 8.603020507812e-02, nan
 165.78,  207.56, 4.829360312500e-02,   6.0, 4.098901692708e-02, nan
 150.19,  218.80, 4.861020156250e-02,   2.0, 5.505128125000e-03, nan
  77.27,  153.83, 5.048229375000e-02,   8.0, 6.960534628906e-02, nan
  70.88,  132.20, 5.050379843750e-02,   2.0, 3.182449531250e-02, nan
  81.95,  134.23, 5.050807343750e-02,   3.0, 4.226081875000e-02, nan
 224.38,  111.00, 5.268861718750e-02,   1.0, 0.000000000000e+00, nan
  57.46,  150.47, 5.452527812500e-02,  12.0, 1.282244920573e-01, nan
 214.00,  220.50, 6.344540937500e-02,   2.0, 2.933033593750e-02, nan
  92.67,  190.16, 6.806968437500e-02,   2.0, 4.749586953125e-02, nan
 166.11,   23.64, 7.185318437500e-02,  19.0, 1.976884696546e-01, nan
 120.73,   65.16, 7.352265312500e-02,   6.0, 8.547396380208e-02, nan
 224.04,  167.31, 7.780848125000e-02,  59.0, 3.312033763242e-01, nan
 230.00,   59.04, 7.920962031250e-02,   6.0, 5.405338541667e-02, nan
 229.57,   75.62, 7.926468437500e-02,   4.0, 1.889187617188e-02, nan
 240.98,   75.75, 8.166761093750e-02,  12.0, 1.400321013021e-01, nan
  26.64,   70.87, 8.317697656250e-02,   2.0, 3.278366406250e-03, nan
  46.94,   85.96, 8.529395000000e-02,   4.0, 5.088085937500e-05, nan
  50.18,   93.53, 8.530854375000e-02,   3.0, 4.458437500000e-05, nan
 128.54,  168.33, 8.583041406250e-02,  23.0, 4.549683152174e-02, nan
 137.61,  144.71, 8.654072031250e-02,   2.0, 2.500261406250e-02, nan
 237.31,   91.35, 9.360050156250e-02,   6.0, 5.231138541667e-03, nan
 233.04,   94.11, 9.363636093750e-02,   3.0, 2.463257343750e-02, nan
 192.78,  160.88, 9.444250312500e-02,   3.0, 3.484034583333e-02, nan
 167.19,   72.24, 9.523133750000e-02,   2.0, 1.569687500000e-05, nan
 180.85,   69.50, 9.523298281250e-02,   3.0, 6.513145260417e-02, nan
 158.70,   67.80, 9.577324218750e-02,   2.0, 3.284850078125e-02, nan
 194.08,  208.98, 9.851466406250e-02,   1.0, 0.000000000000e+00, nan
 199.91,  225.62, 9.864580468750e-02,   2.0, 1.171070859375e-02, nan
   3.08,  106.67, 9.958153593750e-02,  22.0, 1.075043722301e-01, nan
 238.14,  199.17, 1.018087765625e-01,   4.0, 7.677760546875e-03, nan
 232.38,  197.00, 1.018570093750e-01,   2.0, 9.037721875000e-03, nan
 133.31,   71.65, 1.034194609375e-01,   9.0, 8.594896701389e-03, nan
 149.87,   80.56, 1.036824031250e-01,   5.0, 4.799229812500e-02, nan
   8.28,   54.54, 1.036920765625e-01,   5.0, 7.791632562500e-02, nan
 258.50,   88.08, 1.061150546875e-01,   1.0, 0.000000000000e+00, nan
  60.80,  142.34, 1.071739218750e-01,   6.0, 7.679053697917e-02, nan
 159.94,  194.43, 1.074421859375e-01,   2.0, 3.336328125000e-05, nan
  39.33,  126.24, 1.074875156250e-01,  13.0, 9.630540865384e-05, nan
  45.82,  125.84, 1.074893484375e-01,   2.0, 7.216844531250e-03, nan
  35.15,   16.04, 1.082498406250e-01,  32.0, 5.855091474609e-02, nan
  37.80,   11.29, 1.083689125000e-01,   6.0, 8.669176328125e-02, nan
  39.86,   36.92, 1.108176390625e-01,  11.0, 8.274041605114e-02, nan
  90.30,  131.31, 1.138837015625e-01,   2.0, 1.039843750002e-06, nan
  84.38,   38.45, 1.147713031250e-01,   2.0, 2.850831015625e-02, nan
  20.87,  196.03, 1.161821453125e-01,  74.0, 2.021774781461e-01, nan
  32.07,  194.08, 1.162523015625e-01,   6.0, 5.529394296875e-02, nan
 165.37,  134.38, 1.173161625000e-01,   2.0, 3.371093749996e-06, nan
  47.50,    9.28, 1.212745453125e-01,   3.0, 3.332712187500e-02, nan
  73.08,  226.65, 1.213557140625e-01,  31.0, 4.201678941532e-02, nan
  96.67,  222.56, 1.213579796875e-01,  23.0, 7.955426949728e-02, nan
  66.69,  241.58, 1.213788406250e-01,  57.0, 2.676211854441e-01, nan
  59.75,  235.67, 1.214178484375e-01,  41.0, 2.054382672256e-01, nan
  60.77,  227.64, 1.215954671875e-01,   7.0, 6.158192589286e-02, nan
  72.30,  220.37, 1.218896015625e-01,   2.0, 4.574663359375e-02, nan
  94.54,  217.35, 1.219286984375e-01,   5.0, 6.003460406250e-02, nan
  33.48,  158.96, 1.229127390625e-01,   2.0, 3.780187031250e-02, nan
 180.25,   37.03, 1.258196671875e-01,   4.0, 1.182208937500e-01, nan
  84.91,  152.98, 1.283881453125e-01,   1.0, 0.000000000000e+00, nan
 160.83,  135.61, 1.313331250000e-01,  58.0, 2.505724823815e-01, nan
  92.94,   70.53, 1.314943421875e-01,  12.0, 9.962746367187e-02, nan
  34.38,   53.08, 1.332351343750e-01,   4.0, 7.372305546875e-02, nan
 133.85,  225.00, 1.350324265625e-01,  31.0, 1.991523796875e-01, nan
 183.85,  175.54, 1.389546546875e-01,   2.0, 3.928262968750e-02, nan
 130.21,  167.93, 1.416252812500e-01,   2.0, 6.198437500007e-06, nan
 118.32,  177.29, 1.416255031250e-01,   2.0, 2.627275937500e-02, nan
  65.10,   45.74, 1.419728921875e-01,  20.0, 3.123213203125e-03, nan
  58.86,   42.53, 1.419808218750e-01,   3.0, 3.338241666667e-03, nan
  72.88,   49.13, 1.419858890625e-01,   5.0, 2.140250000000e-03, nan
  48.60,   53.00, 1.428767500000e-01,   3.0, 5.459545937500e-02, nan
  78.99,   76.55, 1.438963546875e-01,   3.0, 6.154916093750e-02, nan
  33.76,   10.57, 1.454467734375e-01,   2.0, 4.431960078125e-02, nan
  90.00,  226.25, 1.472233437500e-01,  57.0, 4.149288769737e-01, nan
  63.78,  241.50, 1.485267765625e-01,   7.0, 5.044744375000e-02, nan
  10.85,  253.50, 1.561486296875e-01,  12.0, 1.010539192708e-02, nan
   7.53,  232.65, 1.561574046875e-01,  12.0, 7.224371471354e-02, nan
 212.02,   59.12, 1.585883187500e-01,   2.0, 1.469706875000e-02, nan
 158.31,   85.64, 1.613860796875e-01,   2.0, 2.316976562500e-04, nan
 166.23,   26.37, 1.630301593750e-01,   2.0, 1.350668750000e-03, nan
 144.44,   34.05, 1.654462765625e-01,   3.0, 9.236458333330e-06, nan
  92.30,  204.39, 1.689730828125e-01,   1.0, 0.000000000000e+00, nan
  36.65,   41.89, 1.693682640625e-01,   2.0, 5.393749999999e-06, nan
 102.94,   78.87, 1.711549843750e-01,   4.0, 1.145583710938e-02, nan
  77.46,  175.95, 1.713946328125e-01,   8.0, 8.745788261719e-02, nan
 123.92,  215.28, 1.715088531250e-01,  15.0, 5.398792802083e-02, nan
  44.51,   17.39, 1.737383234375e-01,  41.0, 2.398836453125e-01, nan
  85.80,    5.10, 1.737416593750e-01,   1.0, 0.000000000000e+00, nan
 214.07,   46.19, 1.776774406250e-01,   2.0, 7.258593750001e-05, nan
 169.65,   31.73, 1.799990000000e-01,   3.0, 6.149758072917e-02, nan
 247.49,   45.44, 1.809774328125e-01,  17.0, 1.326248659007e-01, nan
 100.21,  228.82, 1.835734187500e-01,   2.0, 3.207187500000e-05, nan
 234.00,   49.00, 1.845820906250e-01,   3.0, 6.244173854167e-02, nan
 162.94,   33.37, 1.866946953125e-01,   3.0, 7.056549635417e-02, nan
 245.11,   53.66, 1.873652531250e-01,   4.0, 7.948435000000e-02, nan
 249.39,    9.11, 1.874144765625e-01,  10.0, 2.976446718750e-03, nan
 144.78,  131.16, 1.906081703125e-01,  20.0, 1.809004315625e-01, nan
 146.03,  135.98, 1.910302921875e-01,  11.0, 1.296334164773e-01, nan
 207.99,  117.84, 1.943228734375e-01,   6.0, 1.409118515625e-02, nan
 206.09,  100.10, 1.965010015625e-01,   7.0, 8.992106316964e-02, nan
 -13.47,   57.22, 1.974361468750e-01,   1.0, 0.000000000000e+00, nan
 111.16,   73.79, 1.983945531250e-01,   2.0, 4.489643515625e-02, nan
 184.11,  188.46, 2.036195046875e-01,   1.0, 0.000000000000e+00, nan
 197.25,  191.28, 2.036684015625e-01,   1.0, 0.000000000000e+00, nan
 193.85,  164.18, 2.051720890625e-01,  15.0, 1.455312401042e-01, nan
 211.93,  169.84, 2.057477359375e-01,   6.0, 5.214592447917e-02, nan
  60.52,  236.50, 2.072001859375e-01,   3.0, 2.232249635417e-02, nan
  17.03,   97.17, 2.164452687500e-01,   5.0, 1.462522375000e-02, nan
   2.88,   99.87, 2.164453046875e-01,   3.0, 2.050916354167e-02, nan
  -2.12,   92.68, 2.164462718750e-01,   2.0, 1.260685156250e-02, nan
  27.32,   83.20, 2.167411531250e-01,   6.0, 3.982758958333e-02, nan
 219.98,  213.84, 2.180887109375e-01,   2.0, 2.921106875000e-02, nan
 139.62,  115.81, 2.186350375000e-01,   4.0, 2.502685546875e-03, nan
  19.53,  203.65, 2.188507343750e-01,  30.0, 1.519974275000e-01, nan
 112.34,  259.61, 2.199105031250e-01,   2.0, 8.992187500029e-07, nan
 148.25,  215.58, 2.202148515625e-01,  31.0, 9.242320695565e-02, nan
 136.27,  229.21, 2.202389468750e-01,   9.0, 1.222964736111e-01, nan
 140.27,  125.09, 2.210094828125e-01,   1.0, 0.000000000000e+00, nan
  85.58,   61.83, 2.213414234375e-01,   3.0, 6.887074687500e-02, nan
 142.76,  246.97, 2.231083593750e-01,   2.0, 2.404623281250e-02, nan
  44.76,   56.85, 2.245401453125e-01,   1.0, 0.000000000000e+00, nan
  14.10,  172.77, 2.264058125000e-01,  18.0, 1.561795500868e-01, nan
  20.23,  223.33, 2.310103234375e-01,   1.0, 0.000000000000e+00, nan
 142.74,  220.33, 2.314346593750e-01,   3.0, 3.511813906250e-02, nan
 209.71,  182.43, 2.355003375000e-01,   2.0, 1.624999999977e-07, nan
   1.90,  189.80, 2.416902375000e-01,   2.0, 3.072304375000e-02, nan
  14.64,   75.64, 2.422665734375e-01,   2.0, 1.004231328125e-02, nan
 237.16,  240.96, 2.442808218750e-01,  24.0, 7.368332246094e-02, nan
  -2.59,  186.29, 2.457435765625e-01,   2.0, 2.952908906250e-02, nan
  15.89,  215.56, 2.459868234375e-01,  31.0, 2.092101964214e-01, nan
 152.21,  129.55, 2.472785671875e-01,   2.0, 4.428992421875e-02, nan
  85.06,   58.69, 2.496601609375e-01,   2.0, 1.715758593750e-02, nan
  99.89,   51.96, 2.613091359375e-01,   2.0, 1.143148828125e-02, nan
  38.03,   77.34, 2.621459468750e-01,   2.0, 6.584687500000e-05, nan
  94.01,  229.75, 2.625690062500e-01,  16.0, 1.902213399414e-01, nan
 158.24,  253.00, 2.643343921875e-01,   4.0, 4.859339843750e-04, nan
  85.54,  173.71, 2.669986406250e-01,   5.0, 1.022177968750e-02, nan
  87.16,  149.72, 2.670562906250e-01,  36.0, 1.251846211806e-01, nan
 196.74,  222.36, 2.685453203125e-01,   4.0, 2.516448632812e-02, nan
  60.92,    9.51, 2.721663750000e-01,   5.0, 1.102348312500e-01, nan
  -2.07,  175.86, 2.748929546875e-01,   2.0, 4.856057812500e-03, nan
 123.60,   12.44, 2.769796203125e-01,  21.0, 1.627428787202e-02, nan
 119.40,   -3.83, 2.769838234375e-01,   2.0, 6.538906250000e-05, nan
  96.00,   23.58, 2.770456578125e-01,  69.0, 2.920922292120e-01, nan
 118.05,   14.48, 2.774755375000e-01,   2.0, 1.124555546875e-02, nan
 158.02,  209.15, 2.840712046875e-01,   5.0, 8.161649187500e-02, nan
  44.83,   46.40, 2.840971968750e-01, 104.0, 4.996876651593e-01, nan
 102.48,  178.88, 2.843074546875e-01,   3.0, 6.892205781250e-02, nan
 146.00,  125.23, 2.848012671875e-01,   2.0, 4.304210937500e-02, nan
  84.01,  121.69, 2.892822156250e-01,  20.0, 3.347317570312e-02, nan
  85.89,  129.25, 2.893024187500e-01,   5.0, 5.571896656250e-02, nan
  90.95,  116.10, 2.893380234375e-01,   2.0, 3.518279921875e-02, nan
  57.60,  117.57, 2.893835031250e-01,   3.0, 9.072916666667e-06, nan
  49.39,  116.49, 2.893845515625e-01,   2.0, 9.173976562500e-04, nan
 198.07,   87.99, 2.942771656250e-01,   7.0, 3.985244642857e-03, nan
 206.19,   89.61, 2.942838640625e-01,   3.0, 7.592812499999e-05, nan
 211.58,   89.67, 2.942894265625e-01,   1.0, 0.000000000000e+00, nan
  79.87,   28.66, 2.987980562500e-01,   5.0, 8.323593749999e-05, nan
  44.33,   37.51, 2.988052687500e-01,  47.0, 5.386942982713e-01, nan
 237.13,  170.54, 2.992258718750e-01,   2.0, 4.514531250000e-04, nan
  81.02,   90.50, 2.992976937500e-01,  75.0, 2.453024341250e-01, nan
  78.81,  111.45, 3.001880375000e-01,   2.0, 4.947472812500e-02, nan
 136.12,   12.42, 3.010936703125e-01,   2.0, 1.658700000000e-03, nan
 205.53,  187.79, 3.021001437500e-01,  23.0, 1.521445718071e-01, nan
  33.98,  163.89, 3.024647234375e-01,   7.0, 7.333472723214e-02, nan
 146.28,    8.15, 3.040520140625e-01,   1.0, 0.000000000000e+00, nan
 160.46,  217.17, 3.135369593750e-01,   3.0, 8.267990625000e-03, nan
 160.24,  186.79, 3.135554484375e-01,  10.0, 8.306147828125e-02, nan
 158.88,  200.22, 3.136067671875e-01,   2.0, 4.837722656250e-02, nan
  18.38,  248.98, 3.173481578125e-01,  24.0, 9.598792565104e-02, nan
 198.75,  246.68, 3.210163562500e-01,  37.0, 1.334832108530e-01, nan
 177.12,  151.20, 3.295649421875e-01,  16.0, 6.995469550781e-02, nan
 197.61,  152.01, 3.295723078125e-01,   4.0, 6.700195312502e-05, nan
 174.32,  155.58, 3.295738500000e-01,   3.0, 7.559549635417e-02, nan
  10.70,  192.11, 3.307857968750e-01,   7.0, 8.643892410714e-02, nan
 248.97,  242.02, 3.334051312500e-01,   2.0, 2.715772656250e-03, nan
  38.00,  165.17, 3.342565265625e-01,  14.0, 3.610176216518e-02, nan
  39.54,  174.00, 3.342954203125e-01,   2.0, 2.305505859375e-02, nan
 120.41,  173.95, 3.359773171875e-01,  26.0, 2.105054478966e-01, nan
  81.38,  244.15, 3.416721984375e-01,   2.0, 4.575783828125e-02, nan
 126.94,  138.86, 3.419489390625e-01,   4.0, 1.976093750003e-05, nan
 105.29,  139.43, 3.419613875000e-01,  14.0, 1.286430465402e-01, nan
 103.09,  137.66, 3.424840453125e-01,   9.0, 9.065847482639e-02, nan
 251.70,  191.25, 3.429980812500e-01,  12.0, 4.610471484375e-03, nan
 254.08,  188.77, 3.430331375000e-01,   2.0, 6.631516406250e-03, nan
  31.17,  157.49, 3.455685609375e-01,   2.0, 3.957777734375e-02, nan
  12.61,  221.74, 3.470027859375e-01,   3.0, 6.627170000000e-02, nan
  45.55,    5.36, 3.483034593750e-01,   6.0, 7.817688567708e-02, nan
 100.94,  204.82, 3.518898359375e-01,   3.0, 9.935130729167e-03, nan
 108.45,  218.71, 3.519030234375e-01,   2.0, 6.249465625000e-03, nan
  69.77,  205.90, 3.519058812500e-01,  12.0, 8.733288776042e-02, nan
  87.26,  196.67, 3.522088890625e-01,   3.0, 2.244053697917e-02, nan
 153.49,  247.90, 3.525048296875e-01,  15.0, 4.293694145833e-02, nan
 125.38,  250.89, 3.541712500000e-01,   1.0, 0.000000000000e+00, nan
 105.89,  238.19, 3.551403875000e-01,   2.0, 3.939802109375e-02, nan
  25.22,  211.90, 3.557446328125e-01,   3.0, 2.871129583333e-02, nan
  31.18,  199.28, 3.557990656250e-01,   1.0, 0.000000000000e+00, nan
  30.12,   13.51, 3.563644468750e-01,   9.0, 7.658315850694e-02, nan
 176.24,    0.50, 3.597128531250e-01,   4.0, 1.347789062500e-04, nan
 167.39,    1.90, 3.597139078125e-01,   2.0, 1.470332890625e-02, nan
 153.34,  160.73, 3.620599921875e-01,   3.0, 2.050490885417e-02, nan
  80.91,  155.37, 3.622902125000e-01,   6.0, 3.362222578125e-02, nan
   9.88,   50.11, 3.723342890625e-01,  38.0, 1.902896783306e-01, nan
 167.27,   26.84, 3.750050687500e-01,  52.0, 1.769579608173e-01, nan
 161.90,   69.34, 3.750651500000e-01,   1.0, 0.000000000000e+00, nan
 157.96,   51.00, 3.758028781250e-01,   1.0, 0.000000000000e+00, nan
 153.35,  247.66, 3.787037125000e-01,   4.0, 1.374513750000e-02, nan
 161.18,  242.02, 3.787438703125e-01,   1.0, 0.000000000000e+00, nan
  19.95,  156.51, 3.803370406250e-01,   6.0, 3.685795078125e-02, nan
 113.59,  187.00, 3.813244687500e-01,   2.0, 2.085937500007e-06, nan
  95.83,  186.44, 3.814542187500e-01,   1.0, 0.000000000000e+00, nan
  18.21,  221.66, 3.856679234375e-01,   2.0, 1.461494921875e-02, nan
  70.36,  161.05, 3.867932343750e-01,   3.0, 2.526666666669e-05, nan
 213.19,  156.69, 3.879348484375e-01,   3.0, 1.628195156250e-02, nan
  56.53,   32.73, 3.917132500000e-01,   2.0, 4.179533281250e-02, nan
 146.93,  139.00, 3.926792328125e-01,   4.0, 6.661758515625e-02, nan
  15.66,  251.13, 3.977167703125e-01,   7.0, 4.818380357143e-03, nan
 201.48,  207.42, 3.977212203125e-01,  23.0, 1.286921173913e-01, nan
  25.10,  253.51, 3.977334343750e-01,   4.0, 1.302922773438e-02, nan
 209.12,  205.37, 3.977746265625e-01,   4.0, 3.338573437500e-02, nan
  26.60,  255.23, 3.978175187500e-01,   2.0, 1.658046640625e-02, nan
  75.38,   91.70, 3.988035609375e-01,   5.0, 6.143750000021e-06, nan
  88.11,   90.02, 3.991943859375e-01,   2.0, 4.759226015625e-02, nan
  88.17,  241.42, 3.996288953125e-01,   5.0, 2.518303687500e-02, nan
  62.81,  246.54, 4.016627265625e-01,   2.0, 4.950219218750e-02, nan
 201.07,  243.60, 4.024358859375e-01,  28.0, 5.714321422991e-02, nan
 199.19,  252.54, 4.024360218750e-01,   9.0, 4.127750225694e-02, nan
 187.01,  250.93, 4.024562796875e-01,   2.0, 3.083037734375e-02, nan
 192.90,  244.93, 4.024608921875e-01,   2.0, 3.869887343750e-02, nan
 179.74,  251.20, 4.024688171875e-01,   2.0, 4.053296171875e-02, nan
 198.47,  250.70, 4.026720578125e-01,   2.0, 2.697583437500e-02, nan
 144.30,  139.30, 4.047556468750e-01,   2.0, 4.401512734375e-02, nan
  76.35,  104.11, 4.070258640625e-01,   2.0, 4.920861250000e-02, nan
  23.70,   55.30, 4.082281890625e-01,   4.0, 3.947628632812e-02, nan
 228.13,  149.60, 4.126956765625e-01,   2.0, 1.116216406250e-03, nan
  29.30,   32.25, 4.131030359375e-01,  27.0, 2.337441498843e-02, nan
  15.56,   37.07, 4.131060828125e-01,   7.0, 1.727414575893e-02, nan
  21.37,   14.00, 4.131233328125e-01,   5.0, 1.113410937500e-02, nan
   7.50,   32.29, 4.131256093750e-01,   1.0, 0.000000000000e+00, nan
  25.62,   25.25, 4.131316046875e-01,   2.0, 1.144935781250e-02, nan
  14.90,   17.03, 4.133948609375e-01,   3.0, 3.862273958333e-03, nan
 241.09,   93.39, 4.147668125000e-01,  18.0, 3.515320920139e-02, nan
 231.82,  122.80, 4.149267156250e-01,  29.0, 1.209132991918e-01, nan
 199.64,  134.47, 4.149425328125e-01,   4.0, 5.089813554687e-02, nan
 230.14,  127.61, 4.150612468750e-01,   2.0, 2.761021875000e-03, nan
 246.17,  111.69, 4.156160750000e-01,  11.0, 1.075561596591e-01, nan
 200.56,  182.57, 4.189298515625e-01,   2.0, 4.576267500000e-02, nan
  87.61,    9.05, 4.202159671875e-01,   7.0, 7.750997008929e-02, nan
 110.88,    3.48, 4.205010953125e-01,   2.0, 4.975517812500e-02, nan
 238.48,  106.62, 4.208156593750e-01,   9.0, 9.703303975694e-02, nan
  33.34,   74.71, 4.212394312500e-01,  47.0, 1.546240439162e-01, nan
 168.25,  135.16, 4.231903234375e-01,  44.0, 2.991255282670e-01, nan
 184.78,  125.20, 4.232832343750e-01,   4.0, 5.274752617187e-02, nan
  34.92,  218.69, 4.236155250000e-01,   2.0, 2.327472109375e-02, nan
 110.40,  130.47, 4.242084187500e-01,   2.0, 4.154836171875e-02, nan
  29.77,   84.03, 4.252684625000e-01,   6.0, 1.051634263021e-01, nan
   4.61,   97.50, 4.264121031250e-01,   4.0, 6.134467460937e-02, nan
 229.02,  175.37, 4.296049421875e-01,   4.0, 7.283393789062e-02, nan
  91.86,  241.07, 4.305307218750e-01,   1.0, 0.000000000000e+00, nan
 208.29,  238.23, 4.340295250000e-01,   3.0, 6.627604166666e-05, nan
 101.23,   87.91, 4.345798609375e-01,   9.0, 1.001308090278e-02, nan
  42.51,   15.77, 4.361732968750e-01,   2.0, 2.205100000000e-03, nan
  39.63,    5.66, 4.362880265625e-01,   3.0, 2.711368229167e-03, nan
 142.83,   79.78, 4.440730296875e-01,  48.0, 8.680785276693e-02, nan
 150.98,   70.67, 4.441428812500e-01,   5.0, 6.529636656250e-02, nan
 134.00,   81.53, 4.443627640625e-01,  15.0, 1.510000306250e-01, nan
 147.40,   92.71, 4.444096937500e-01,   1.0, 0.000000000000e+00, nan
  69.93,  177.21, 4.472072437500e-01,   1.0, 0.000000000000e+00, nan
 224.07,  259.04, 4.522114218750e-01,   2.0, 5.804522656250e-03, nan
 227.86,  106.28, 4.535393406250e-01,   3.0, 7.121438385417e-02, nan
  89.05,  205.64, 4.541582421875e-01,  27.0, 2.240076737269e-01, nan
 157.05,   39.63, 4.570203140625e-01,  33.0, 1.347321134943e-01, nan
  54.20,  201.25, 4.571788078125e-01,   3.0, 4.172447916667e-03, nan
  59.56,   16.93, 4.612295312500e-01,   2.0, 1.975207968750e-02, nan
 244.08,  105.03, 4.656068218750e-01,   2.0, 4.375971718750e-02, nan
 201.10,   88.80, 4.727841609375e-01,   8.0, 5.519168554688e-03, nan
 204.60,   88.23, 4.727907500000e-01,   3.0, 1.041901041667e-04, nan
 216.54,   94.60, 4.728056781250e-01,   1.0, 0.000000000000e+00, nan
 188.41,  129.19, 4.736729390625e-01,   1.0, 0.000000000000e+00, nan
 171.71,  231.93, 4.835563796875e-01,   1.0, 0.000000000000e+00, nan
  57.19,   58.85, 4.890015781250e-01,   2.0, 1.430156249999e-05, nan
  48.02,   59.31, 4.891597234375e-01,   1.0, 0.000000000000e+00, nan
 128.73,  112.78, 4.926137203125e-01,   7.0, 6.205031227679e-02, nan
 104.00,   39.87, 4.952614375000e-01,  38.0, 9.903295896382e-02, nan
  88.92,   36.27, 4.952739781250e-01,  28.0, 1.689972716518e-01, nan
 107.06,   26.27, 4.989865812500e-01,   8.0, 9.494147539063e-02, nan
 111.76,   56.19, 4.992042718750e-01,   2.0, 3.280633281250e-02, nan
  86.08,   20.80, 5.042338640625e-01,   5.0, 3.366703125000e-04, nan
  87.01,    9.95, 5.042382250000e-01,   2.0, 1.867031250002e-05, nan
  71.66,   94.90, 5.054442562500e-01,  23.0, 1.952674861413e-01, nan
 183.58,   59.16, 5.058969062500e-01,  20.0, 2.834797125000e-02, nan
 193.18,   58.55, 5.058996765625e-01,   3.0, 2.045891041667e-02, nan
 179.87,   70.22, 5.059006015625e-01,  10.0, 6.529886906250e-02, nan
 165.19,   26.78, 5.059913109375e-01,  12.0, 7.797950885417e-02, nan
 173.35,   62.55, 5.060641765625e-01,   3.0, 4.558960729167e-02, nan
 110.92,  139.03, 5.073646984375e-01,   2.0, 1.387551484375e-02, nan
 173.82,  214.37, 5.115331234375e-01,  31.0, 2.548845603831e-01, nan
  61.76,  113.18, 5.144720625000e-01, 133.0, 4.534553283717e-01, nan
 191.11,   25.78, 5.151181781250e-01,   1.0, 0.000000000000e+00, nan
  15.22,   65.13, 5.155646562500e-01,  17.0, 1.250096653493e-01, nan
 177.87,   80.22, 5.167313906250e-01,   7.0, 5.588007321429e-02, nan
 168.43,   34.09, 5.168910906250e-01,   5.0, 8.830676187500e-02, nan
 238.97,  178.93, 5.256728734375e-01,   5.0, 3.087856250000e-04, nan
 242.98,  166.55, 5.257268328125e-01,   4.0, 3.961632226562e-02, nan
 256.13,  120.62, 5.281870281250e-01,   4.0, 2.795180468750e-03, nan
 216.29,  128.21, 5.282744281250e-01,  13.0, 1.972461128606e-01, nan
 105.55,   42.89, 5.305280953125e-01,   3.0, 8.142783229167e-02, nan
  11.23,  155.12, 5.306518203125e-01,  31.0, 7.319860287298e-02, nan
   1.46,  139.16, 5.306643765625e-01,   2.0, 2.854881640625e-02, nan
 240.17,   55.36, 5.350180718750e-01,  16.0, 1.608725654297e-02, nan
 237.61,   39.98, 5.350286296875e-01,  18.0, 1.614606155382e-01, nan
 209.70,   67.50, 5.350656062500e-01,  26.0, 1.074069618990e-01, nan
 242.06,   60.11, 5.351950015625e-01,   2.0, 2.647734375000e-05, nan
 239.00,   18.38, 5.352430484375e-01,  10.0, 6.993087968750e-02, nan
 228.60,  160.82, 5.357201406250e-01,   2.0, 3.379078125000e-02, nan
 239.01,  206.99, 5.369529468750e-01,  11.0, 3.751403693182e-03, nan
 238.46,  202.86, 5.369531515625e-01,   2.0, 4.543587500000e-03, nan
 171.68,   25.41, 5.380238218750e-01,  18.0, 5.027519756944e-02, nan
 159.23,   19.81, 5.380418953125e-01,   2.0, 3.854335625000e-02, nan
 174.83,    6.12, 5.420210812500e-01,   4.0, 5.145535117188e-02, nan
  80.61,   19.54, 5.430304203125e-01,  18.0, 1.325169559028e-01, nan
  82.48,  226.99, 5.446201562500e-01,   2.0, 1.316204296875e-02, nan
 110.75,  209.49, 5.446765203125e-01,   4.0, 5.473063398437e-02, nan
 177.26,   96.02, 5.475509453125e-01,   2.0, 1.810090703125e-02, nan
 129.34,  107.86, 5.487467921875e-01,   1.0, 0.000000000000e+00, nan
  72.36,   28.52, 5.494448671875e-01,  14.0, 1.335702279018e-01, nan
 234.76,  114.88, 5.530911453125e-01,  24.0, 2.783984778646e-01, nan
 218.48,   99.96, 5.534743640625e-01,   4.0, 5.009846171875e-02, nan
  54.25,   15.31, 5.553642937500e-01,   7.0, 1.340225142857e-01, nan
  20.41,  137.75, 5.589921093750e-01,  52.0, 2.369742660156e-01, nan
  10.50,  202.56, 5.638351046875e-01,   3.0, 1.134845885417e-02, nan
   0.47,  211.93, 5.639729578125e-01,   2.0, 3.970976562500e-03, nan
 125.92,  231.19, 5.640944140625e-01,  36.0, 1.654780346354e-01, nan
 207.91,   66.82, 5.648630546875e-01,   9.0, 7.223043263889e-02, nan
 192.53,  215.30, 5.651799671875e-01,  13.0, 4.357847944712e-02, nan
 191.13,  219.60, 5.651956125000e-01,   2.0, 5.485429687500e-03, nan
 101.09,   25.70, 5.678267625000e-01,   4.0, 6.083104531250e-02, nan
  92.68,  189.66, 5.683655953125e-01,   6.0, 4.628770052083e-03, nan
  85.36,  188.44, 5.684377375000e-01,   2.0, 3.212650312500e-02, nan
  88.33,  196.89, 5.684554218750e-01,   2.0, 2.957082968750e-02, nan
  79.02,  195.64, 5.684585062500e-01,   2.0, 9.017919531250e-03, nan
 193.38,   64.93, 5.736283593750e-01,   8.0, 7.639069179687e-02, nan
 204.91,   35.20, 5.736394968750e-01,  23.0, 2.107877960598e-01, nan
 122.79,  200.86, 5.745022656250e-01,  23.0, 7.174519565217e-03, nan
 125.81,  206.41, 5.745026453125e-01,   2.0, 8.273116406250e-03, nan
 131.13,  191.33, 5.747616812500e-01,   3.0, 5.357417500000e-02, nan
  -8.16,  195.54, 5.790179484375e-01,   1.0, 0.000000000000e+00, nan
 234.35,  136.81, 5.798421640625e-01,   1.0, 0.000000000000e+00, nan
 136.74,  181.80, 5.806524796875e-01,  12.0, 5.757013632812e-02, nan
 138.53,  183.72, 5.811183890625e-01,  10.0, 4.332198890625e-02, nan
 115.61,  169.54, 5.816912390625e-01,  43.0, 1.924763301599e-01, nan
  94.19,   43.83, 5.862820859375e-01,   2.0, 4.852368984375e-02, nan
 244.76,   44.25, 5.876130078125e-01,  10.0, 1.340031250000e-01, nan
  33.80,  131.29, 5.877672062500e-01,  36.0, 1.270618295139e-01, nan
 104.99,    8.24, 5.877729406250e-01,  17.0, 2.201807750000e-01, nan
   1.62,  167.15, 5.887326828125e-01,   3.0, 1.517471145833e-02, nan
  40.62,  175.73, 5.929605312500e-01,  26.0, 4.194943659856e-02, nan
  65.22,  155.04, 5.932181281250e-01,  20.0, 1.559093904687e-01, nan
 138.73,   48.86, 5.935909593750e-01,  44.0, 2.030161138849e-01, nan
  43.37,  146.68, 5.938287625000e-01,   9.0, 1.070450223958e-01, nan
 127.51,   53.00, 5.948849437500e-01,  82.0, 3.659533836700e-01, nan
  45.60,  126.97, 5.963615578125e-01,   8.0, 1.186128101562e-01, nan
  41.30,  168.12, 5.970162421875e-01,   2.0, 1.516401718750e-02, nan
 188.61,  211.52, 5.979109843750e-01,   2.0, 4.644846328125e-02, nan
 136.83,   27.69, 5.983289640625e-01,   7.0, 5.579419866071e-02, nan
  45.09,  225.92, 5.985430390625e-01,  16.0, 3.082623974609e-02, nan
  33.26,   48.55, 5.986197593750e-01,   5.0, 5.945226812500e-02, nan
  23.61,   55.87, 5.986204609375e-01,   5.0, 3.448060406250e-02, nan
   8.11,   43.61, 5.986240609375e-01,   3.0, 2.589847864583e-02, nan
  12.00,   48.63, 5.987538968750e-01,   2.0, 1.934248593750e-02, nan
  45.30,  189.69, 5.990246578125e-01,  11.0, 1.095760982955e-01, nan
 215.79,  150.83, 5.992707421875e-01,   1.0, 0.000000000000e+00, nan
 248.83,    3.41, 5.995460328125e-01,   7.0, 4.190222098214e-03, nan
 241.37,    7.51, 5.995503250000e-01,   7.0, 2.023138839286e-03, nan
 166.92,  240.34, 6.014228796875e-01,  14.0, 8.661482924107e-03, nan
 137.40,  237.80, 6.014241343750e-01,  13.0, 9.000316250000e-02, nan
 148.96,  248.82, 6.014268562500e-01,  13.0, 6.839149627404e-02, nan
 169.49,  236.29, 6.014654593750e-01,   2.0, 2.723252343750e-03, nan
 120.81,   84.68, 6.021275890625e-01,   2.0, 1.083859375000e-04, nan
 192.06,   56.58, 6.035725187500e-01,   3.0, 3.410222656250e-02, nan
  34.63,   51.82, 6.060069421875e-01,   4.0, 4.954483320313e-02, nan
  45.36,  203.45, 6.085949203125e-01,   3.0, 1.418442552083e-02, nan
 125.78,   19.11, 6.132179296875e-01,   5.0, 8.647443750000e-04, nan
 140.22,    3.50, 6.134445781250e-01,  10.0, 4.830893515625e-02, nan
 207.98,   94.55, 6.184473062500e-01,   3.0, 1.313459843750e-02, nan
 124.39,  247.75, 6.206880328125e-01,  11.0, 1.295285667614e-02, nan
 121.52,  231.63, 6.206975656250e-01,   9.0, 7.759161840278e-02, nan
 126.28,  205.45, 6.210427578125e-01,  27.0, 3.108552810185e-01, nan
  34.44,  162.72, 6.236830140625e-01,   2.0, 7.610734375000e-04, nan
 171.55,   38.61, 6.244402875000e-01, 112.0, 5.073358613142e-01, nan
 156.51,  185.79, 6.253843046875e-01,  28.0, 1.940899852679e-01, nan
  37.95,  188.81, 6.254151906250e-01,   2.0, 6.220272656250e-03, nan
 147.56,  181.84, 6.258339390625e-01,   2.0, 2.174839843750e-03, nan
  91.33,  221.36, 6.275297703125e-01,   3.0, 6.851649166667e-02, nan
 158.21,  247.72, 6.293428546875e-01,   2.0, 4.711960546875e-02, nan
 128.46,  145.65, 6.301820281250e-01,  30.0, 1.433291704167e-01, nan
  46.68,  186.92, 6.327633734375e-01,   2.0, 4.989094062500e-02, nan
  60.16,  126.69, 6.372750546875e-01,  15.0, 1.847719468750e-02, nan
  62.38,  131.28, 6.373467109375e-01,   2.0, 1.926676093750e-02, nan
  98.11,  172.47, 6.379309000000e-01,   2.0, 1.121816562500e-02, nan
  53.50,    1.60, 6.396207625000e-01,   8.0, 3.946456796875e-02, nan
  57.88,   12.08, 6.396554750000e-01,   2.0, 6.194375000002e-05, nan
  48.82,    1.64, 6.424840203125e-01,   1.0, 0.000000000000e+00, nan
  80.26,   19.76, 6.437934812500e-01,   2.0, 4.494540312500e-02, nan
  80.26,  229.72, 6.452005375000e-01,   3.0, 5.767435000000e-02, nan
 241.91,  131.01, 6.543310125000e-01,  53.0, 2.643791454599e-01, nan
  18.70,  129.44, 6.552156750000e-01,   6.0, 7.638339687500e-02, nan
 130.46,  133.87, 6.602956734375e-01,  62.0, 3.127367136845e-01, nan
 122.68,  140.65, 6.603873093750e-01,   6.0, 1.156284067708e-01, nan
  24.50,  193.90, 6.609374718750e-01,   4.0, 5.166741992187e-02, nan
 177.09,  141.39, 6.610395734375e-01,  28.0, 2.300676829241e-01, nan
 130.45,   41.14, 6.621461921875e-01,   1.0, 0.000000000000e+00, nan
 130.10,   -3.36, 6.623904250000e-01,   2.0, 1.442013281250e-03, nan
 146.49,    2.81, 6.624194078125e-01,   2.0, 3.539062500002e-06, nan
 139.59,   -7.19, 6.624685421875e-01,   2.0, 1.168745078125e-02, nan
  71.31,  241.48, 6.644076312500e-01,  12.0, 3.691881067708e-02, nan
  51.08,  247.91, 6.645461156250e-01,   1.0, 0.000000000000e+00, nan
  13.35,  238.40, 6.654339000000e-01,  35.0, 7.342828687500e-02, nan
  34.97,  238.01, 6.654347578125e-01,  36.0, 2.734140681424e-01, nan
  21.52,  256.21, 6.654683625000e-01,   2.0, 2.477166093750e-02, nan
  30.20,  247.28, 6.655108765625e-01,   1.0, 0.000000000000e+00, nan
  14.95,  251.98, 6.655950312500e-01,   2.0, 1.180237500000e-02, nan
   2.10,  236.78, 6.673532421875e-01,   2.0, 1.273173437500e-03, nan
  47.92,  118.03, 6.701932625000e-01,   1.0, 0.000000000000e+00, nan
 165.39,  206.44, 6.759760937500e-01,   9.0, 2.339468055556e-03, nan
 137.79,  190.88, 6.759767968750e-01,  21.0, 1.124253821429e-01, nan
 245.25,   41.64, 6.783667078125e-01,   2.0, 4.059686015625e-02, nan
 107.78,   95.81, 6.839137906250e-01,   8.0, 1.057280539062e-01, nan
 156.74,   80.76, 6.880824812500e-01,  39.0, 3.169290824920e-01, nan
  44.39,   58.71, 6.883067125000e-01,   2.0, 4.925676562500e-02, nan
 146.21,  216.70, 6.921839609375e-01,   4.0, 7.225222734375e-02, nan
  19.67,  131.55, 7.014229843750e-01,   2.0, 4.981172734375e-02, nan
  89.29,  250.07, 7.023673796875e-01,   3.0, 1.463498958333e-03, nan
 162.51,  234.70, 7.046765765625e-01,  12.0, 1.804806285156e-01, nan
 172.57,  189.44, 7.092077812500e-01,  15.0, 9.110867562500e-02, nan
 131.71,  154.70, 7.121652109375e-01,   2.0, 4.483207421875e-02, nan
 133.47,  132.49, 7.121708578125e-01,   5.0, 2.145217156250e-02, nan
 122.23,  156.02, 7.121981250000e-01,   2.0, 4.481558750000e-02, nan
 231.99,  216.74, 7.166187328125e-01,  12.0, 8.277941666667e-03, nan
 238.97,  229.22, 7.166699234375e-01,   2.0, 3.420859374997e-05, nan
 132.38,  121.26, 7.176537578125e-01,   3.0, 2.679739583333e-04, nan
 135.20,  133.00, 7.177531625000e-01,   2.0, 1.383476562500e-04, nan
  78.31,  174.65, 7.179166468750e-01,  18.0, 5.675212352431e-02, nan
 217.41,  118.74, 7.195409468750e-01,   1.0, 0.000000000000e+00, nan
 111.71,   89.88, 7.220118093750e-01,   4.0, 6.522342343750e-02, nan
 161.77,  136.02, 7.263251718750e-01,   1.0, 0.000000000000e+00, nan
 166.88,  151.96, 7.265522593750e-01,   8.0, 8.487306250000e-02, nan
 205.92,  131.76, 7.282814421875e-01,   2.0, 3.899978750000e-02, nan
  69.41,   93.65, 7.285575921875e-01,   2.0, 4.880468750024e-06, nan
  70.95,  153.05, 7.308301187500e-01,   2.0, 2.599512265625e-02, nan
 234.56,  156.22, 7.311668937500e-01,  12.0, 2.045878893229e-01, nan
  26.57,  167.67, 7.325726015625e-01,  13.0, 9.500840685096e-02, nan
 105.90,  119.14, 7.358730328125e-01,   5.0, 5.124014687500e-03, nan
  99.61,  107.15, 7.359239640625e-01,   1.0, 0.000000000000e+00, nan
 108.29,  185.79, 7.393651968750e-01,   6.0, 8.328914140625e-02, nan
 171.01,   75.04, 7.408993968750e-01,   6.0, 3.668841145834e-04, nan
 168.77,   62.31, 7.409404593750e-01,  13.0, 8.050738329327e-02, nan
 201.24,   55.04, 7.409982609375e-01,  22.0, 1.111452264205e-01, nan
  16.02,   26.94, 7.531694921875e-01,  16.0, 2.220714990234e-01, nan
  11.10,   34.97, 7.531701750000e-01,  19.0, 5.670692985197e-02, nan
  12.89,   46.99, 7.531861906250e-01,   3.0, 3.968400000000e-02, nan
  25.99,   31.34, 7.534193281250e-01,   2.0, 4.066058203125e-02, nan
   3.19,  217.70, 7.544773750000e-01,  17.0, 1.833890005515e-01, nan
   4.45,  247.10, 7.544774687500e-01,   8.0, 9.255869179687e-02, nan
   5.85,  244.21, 7.544783468750e-01,   4.0, 7.377778632813e-02, nan
 250.02,   58.85, 7.595665703125e-01,   1.0, 0.000000000000e+00, nan
 222.25,   44.16, 7.595784703125e-01,   9.0, 8.633320989583e-02, nan
  28.79,  158.47, 7.601015250000e-01,   7.0, 6.284870290179e-02, nan
 222.48,   51.65, 7.602421843750e-01,   6.0, 5.654961562500e-02, nan
 113.73,   25.17, 7.646517531250e-01,   9.0, 5.875402638889e-02, nan
 199.46,   37.02, 7.667701296875e-01,  15.0, 1.056924117708e-01, nan
 182.75,   40.28, 7.667775906250e-01,  20.0, 2.354480846875e-01, nan
 138.70,  192.80, 7.768580093750e-01,   3.0, 1.391526041667e-04, nan
 117.13,  203.11, 7.769981875000e-01,   3.0, 8.356998750000e-02, nan
 143.65,  184.18, 7.770044015625e-01,   2.0, 4.282803046875e-02, nan
 204.51,  215.40, 7.774574750000e-01, 104.0, 4.229760556040e-01, nan
 204.75,   39.48, 7.832236375000e-01,   2.0, 4.967984531250e-02, nan
 105.93,  182.57, 7.855087437500e-01,   2.0, 3.304719609375e-02, nan
  57.21,   69.93, 7.868370921875e-01,   5.0, 5.757975531250e-02, nan
 111.93,  175.03, 7.872508062500e-01,   2.0, 4.016672734375e-02, nan
  11.06,   99.24, 7.874117390625e-01,  18.0, 1.125203741319e-02, nan
   6.26,   92.80, 7.874198125000e-01,   2.0, 5.203007812500e-04, nan
 163.30,  191.95, 7.882099390625e-01,   3.0, 1.451041458333e-02, nan
 166.79,   27.67, 7.974012734375e-01,  12.0, 1.203715996094e-01, nan
 119.29,  140.37, 7.995385468750e-01,  52.0, 2.231919027945e-01, nan
  15.60,  154.28, 8.009388281250e-01,   5.0, 2.273337781250e-02, nan
 199.84,  141.44, 8.014821015625e-01,   4.0, 9.121453125000e-04, nan
 189.34,  146.14, 8.014838500000e-01,   6.0, 6.003360182292e-02, nan
 188.96,  222.92, 8.031443406250e-01,  12.0, 1.494479296875e-01, nan
 180.80,  194.09, 8.035286125000e-01,   2.0, 6.026397656250e-03, nan
  83.03,  189.21, 8.041519515625e-01,   7.0, 7.338680803572e-04, nan
  84.77,  182.98, 8.041573484375e-01,   2.0, 1.051274218750e-03, nan
  89.34,  187.88, 8.048186937500e-01,   2.0, 4.971429687500e-04, nan
 113.58,    1.85, 8.056673421875e-01,   3.0, 2.892222291667e-02, nan
   3.55,   42.34, 8.086038125000e-01,   4.0, 1.077912890625e-03, nan
   9.42,   15.68, 8.086255921875e-01,   7.0, 6.632199977679e-02, nan
  13.56,   21.51, 8.086752234375e-01,   2.0, 3.227104062500e-02, nan
 234.42,  154.14, 8.089614562500e-01,  20.0, 3.788847281250e-02, nan
 233.66,  158.84, 8.089626578125e-01,   3.0, 3.559087500000e-03, nan
 219.97,  162.37, 8.089659500000e-01,  39.0, 2.389284771234e-01, nan
  94.53,  194.52, 8.099142234375e-01,   2.0, 1.320990078125e-02, nan
 242.28,  139.18, 8.116679765625e-01,   3.0, 5.560544843750e-02, nan
 180.29,   61.46, 8.126578234375e-01,   7.0, 5.229734598214e-02, nan
 225.81,   64.23, 8.170237812500e-01,   1.0, 0.000000000000e+00, nan
  95.58,  107.08, 8.181372437500e-01,   7.0, 8.216615758929e-02, nan
 122.40,   -6.10, 8.186178312500e-01,   1.0, 0.000000000000e+00, nan
 241.65,  115.63, 8.202679453125e-01,   8.0, 6.946693984375e-02, nan
  93.16,   87.79, 8.211394265625e-01,   4.0, 3.246908320313e-02, nan
 137.60,  172.13, 8.235671000000e-01,   1.0, 0.000000000000e+00, nan
 101.53,  197.74, 8.241419640625e-01,   2.0, 8.414000000000e-04, nan
 103.39,  204.36, 8.241736625000e-01,   1.0, 0.000000000000e+00, nan
 198.43,  239.84, 8.278294359375e-01,   8.0, 1.511447832031e-02, nan
 213.21,  233.70, 8.278680078125e-01,   3.0, 2.579797604167e-02, nan
 250.89,   10.65, 8.280262562500e-01,  19.0, 3.048642064145e-02, nan
 252.42,   14.78, 8.280290359375e-01,   2.0, 4.635228906250e-03, nan
  46.32,  148.68, 8.280493000000e-01,  44.0, 2.724991269886e-01, nan
 168.25,  127.26, 8.296181390625e-01,   2.0, 3.178891015625e-02, nan
 202.29,  111.84, 8.296856968750e-01,   5.0, 8.269036781250e-02, nan
  21.77,  194.52, 8.303996468750e-01,  71.0, 5.140203982614e-01, nan
  32.80,  178.04, 8.304216812500e-01,   2.0, 3.096552109375e-02, nan
 145.71,   59.53, 8.339112234375e-01,   2.0, 2.245632812500e-04, nan
 129.30,   18.13, 8.339534640625e-01,  96.0, 4.904233798503e-01, nan
 141.63,   70.44, 8.339840421875e-01,   2.0, 1.211312500000e-04, nan
  28.36,   49.40, 8.348061000000e-01,   2.0, 4.422233750000e-02, nan
  31.43,  240.40, 8.407349765625e-01,   7.0, 8.770996205357e-02, nan
  25.70,  223.32, 8.408341546875e-01,   2.0, 5.533984375000e-05, nan
  36.54,  242.71, 8.408964843750e-01,   3.0, 4.078585989583e-02, nan
  80.45,   78.91, 8.468149156250e-01,   5.0, 9.586823750000e-03, nan
 101.96,   61.92, 8.468437734375e-01,   5.0, 8.081722000000e-02, nan
   0.90,  209.57, 8.476344390625e-01,   1.0, 0.000000000000e+00, nan
 -14.45,  219.48, 8.480687906250e-01,   1.0, 0.000000000000e+00, nan
 207.34,   18.57, 8.496155140625e-01,   4.0, 5.027460937504e-05, nan
 198.27,    8.54, 8.496407609375e-01,   1.0, 0.000000000000e+00, nan
 155.78,  130.45, 8.507711906250e-01,   3.0, 2.797351770833e-02, nan
 177.39,   91.46, 8.534909890625e-01,  10.0, 2.460649953125e-02, nan
 169.19,   93.09, 8.535465734375e-01,  10.0, 1.431819828125e-02, nan
 189.73,   95.39, 8.535895250000e-01,   3.0, 3.520271927083e-02, nan
  56.21,   81.87, 8.545639703125e-01,   1.0, 0.000000000000e+00, nan
 197.13,   99.46, 8.546009078125e-01,   2.0, 3.391137890625e-02, nan
  73.70,   65.86, 8.548723859375e-01,   1.0, 0.000000000000e+00, nan
 210.47,  213.59, 8.584795468750e-01,  84.0, 2.785792694754e-01, nan
 251.38,   94.18, 8.590017484375e-01,  20.0, 9.507989710937e-02, nan
 163.59,   85.98, 8.594822359375e-01,   4.0, 2.378750000001e-05, nan
 176.42,  100.65, 8.636263453125e-01,   2.0, 3.027037421875e-02, nan
 252.71,  190.23, 8.669010546875e-01,  21.0, 2.365570699405e-02, nan
 248.93,  187.35, 8.669020796875e-01,   3.0, 4.291666666663e-05, nan
 217.37,  169.71, 8.673453390625e-01,   4.0, 4.080980468750e-02, nan
   6.49,  192.26, 8.729328687500e-01,   8.0, 7.398505957031e-02, nan
  27.74,   38.79, 8.748567218750e-01,   4.0, 7.951571015625e-02, nan
  94.35,  121.76, 8.786814218750e-01,   5.0, 3.055391250000e-03, nan
 104.60,  124.83, 8.786847156250e-01,  16.0, 1.428847207031e-01, nan
 251.08,  155.07, 8.795787109375e-01,   2.0, 6.718750000245e-07, nan
 250.13,  149.00, 8.795854468750e-01,   3.0, 4.544822916667e-02, nan
 257.96,  147.13, 8.796337671875e-01,   2.0, 2.771173515625e-02, nan
  43.88,  180.43, 8.798836156250e-01,   1.0, 0.000000000000e+00, nan
 215.99,  207.34, 8.884152296875e-01,  39.0, 2.024308300080e-01, nan
 125.25,   61.20, 8.886017562500e-01,  16.0, 1.141979873047e-01, nan
 133.15,   52.55, 8.886172531250e-01,   6.0, 9.262213880208e-02, nan
 121.96,   64.11, 8.888064937500e-01,   4.0, 8.993186015625e-02, nan
 217.07,   25.64, 8.916421375000e-01,   5.0, 7.652054218750e-02, nan
  -7.10,  195.33, 8.931544265625e-01,   1.0, 0.000000000000e+00, nan
 243.38,  164.17, 8.933817031250e-01,   2.0, 4.868159843750e-02, nan
 196.23,  230.64, 8.935053406250e-01,   2.0, 4.777312109375e-02, nan
 240.62,  199.10, 8.993522734375e-01,   3.0, 4.948598645833e-02, nan
 157.69,  248.30, 8.996105390625e-01,   6.0, 7.947127604166e-04, nan
 154.20,  246.31, 8.996129421875e-01,   2.0, 1.526329687500e-03, nan
  25.68,  226.90, 9.011397468750e-01,   6.0, 8.709843229167e-02, nan
  93.38,  141.71, 9.060889265625e-01,   2.0, 8.459921874998e-05, nan
  73.06,  222.26, 9.100882953125e-01, 148.0, 5.122671754117e-01, nan
  65.28,  235.12, 9.101120187500e-01,  12.0, 1.285817098958e-01, nan
  84.37,  237.21, 9.101446812500e-01,   2.0, 2.314986562500e-02, nan
  64.70,  235.17, 9.101642000000e-01,   2.0, 1.089140624999e-05, nan
 256.04,  128.96, 9.105884968750e-01,   2.0, 1.163680625000e-02, nan
  93.50,   47.49, 9.117807171875e-01,   6.0, 9.844446614583e-03, nan
  70.05,  243.08, 9.123516343750e-01,   2.0, 2.253449218750e-03, nan
  52.48,  257.70, 9.160948500000e-01,   2.0, 3.592999218750e-03, nan
  52.51,  247.19, 9.160966671875e-01,   2.0, 9.899587500000e-03, nan
  64.93,  122.48, 9.166926500000e-01,   4.0, 1.311987890625e-03, nan
  66.48,  132.03, 9.167012203125e-01,   2.0, 1.698827187500e-02, nan
  52.83,  126.28, 9.167894218750e-01,   1.0, 0.000000000000e+00, nan
  64.36,   32.82, 9.188063156250e-01,   8.0, 4.705486914063e-03, nan
  59.18,   23.81, 9.188412078125e-01,   5.0, 5.112834937500e-02, nan
  37.30,  222.45, 9.197299234375e-01,  11.0, 6.344594602273e-02, nan
 234.92,  245.77, 9.252558484375e-01,  19.0, 1.061873699013e-01, nan
 230.15,  249.49, 9.253660203125e-01,   4.0, 2.615342968750e-02, nan
 241.08,  238.40, 9.282960218750e-01,   2.0, 3.669212343750e-02, nan
 141.35,  225.85, 9.308492625000e-01,   8.0, 8.882668808594e-02, nan
 180.17,  157.92, 9.315774000000e-01,  19.0, 2.328876976974e-01, nan
 226.33,  248.77, 9.344303765625e-01,   3.0, 1.714504479167e-02, nan
  89.49,  240.90, 9.345723921875e-01,   4.0, 1.636497695312e-02, nan
   5.73,  212.07, 9.377071562500e-01,   2.0, 2.454971171875e-02, nan
 207.45,  185.11, 9.377695546875e-01,  17.0, 1.218848788603e-01, nan
 208.92,  200.46, 9.401523546875e-01,   2.0, 7.212493750000e-03, nan
 211.47,  212.05, 9.401585937500e-01,   4.0, 1.933595156250e-02, nan
 230.62,  218.21, 9.401993140625e-01,   4.0, 4.327932343750e-02, nan
 221.08,  221.57, 9.403903453125e-01,   2.0, 2.445601640625e-02, nan
 130.13,  205.21, 9.429082828125e-01,  50.0, 2.326500613438e-01, nan
 218.30,   -3.86, 9.432787203125e-01,   3.0, 1.238984375000e-04, nan
 243.75,   69.98, 9.456269046875e-01,  68.0, 1.757161906250e-01, nan
 249.23,   79.97, 9.456273781250e-01,   1.0, 0.000000000000e+00, nan
 240.05,   92.69, 9.456421625000e-01,   3.0, 5.404901041667e-03, nan
  37.71,  214.41, 9.465376062500e-01,  14.0, 8.740491741071e-03, nan
  45.78,  203.70, 9.466422578125e-01,   2.0, 2.877518515625e-02, nan
 167.28,   29.23, 9.496105953125e-01,  18.0, 1.373356782118e-01, nan
  71.70,  121.86, 9.590157468750e-01,  18.0, 1.064120141493e-01, nan
 108.59,  132.18, 9.592779437500e-01,   4.0, 7.385948750000e-02, nan
  28.20,   23.88, 9.632843687500e-01,   1.0, 0.000000000000e+00, nan
  38.05,   32.70, 9.634794687500e-01,   2.0, 8.387520312500e-03, nan
 122.77,  135.35, 9.635222250000e-01,   4.0, 4.831311875000e-02, nan
  12.34,  122.52, 9.659238859375e-01,   2.0, 3.028342968750e-03, nan
  11.22,  130.10, 9.662965703125e-01,   1.0, 0.000000000000e+00, nan
 119.15,   44.03, 9.674602000000e-01,   4.0, 9.811525781250e-03, nan
 191.18,  183.28, 9.715113890625e-01,  14.0, 9.233058683036e-02, nan
 219.26,   26.20, 9.757458265625e-01,   5.0, 4.593499687500e-03, nan
  21.78,   90.14, 9.767279343750e-01,  19.0, 4.855713470395e-02, nan
  29.98,  100.62, 9.767376500000e-01,   8.0, 1.493868191406e-01, nan
  72.37,  122.32, 9.767947140625e-01,   7.0, 7.591075200893e-02, nan
  73.77,   26.32, 9.802322812500e-01,  28.0, 1.989329554687e-01, nan
  51.18,   83.20, 9.856060734375e-01,   1.0, 0.000000000000e+00, nan
 159.17,   19.94, 9.860107406250e-01,   2.0, 4.783421875000e-02, nan
  40.77,  214.35, 9.863308171875e-01,   4.0, 1.000328535156e-01, nan
  56.28,   66.37, 9.878516406250e-01,   3.0, 8.446078072917e-02, nan
  83.85,   48.10, 9.901484140625e-01,  28.0, 1.164074527902e-01, nan
  67.79,  237.97, 1.000873737500e+00,   5.0, 8.152140812500e-02, nan
 124.92,  192.43, 1.003265876562e+00,   5.0, 5.518075187500e-02, nan
 141.88,  198.87, 1.010525637500e+00,   1.0, 0.000000000000e+00, nan
 105.67,  154.88, 1.012093817188e+00,   3.0, 8.868480208333e-03, nan
 191.68,  161.47, 1.020336707812e+00,   2.0, 9.744531250022e-06, nan
  24.35,   87.30, 1.021078520312e+00,   4.0, 6.037734375000e-04, nan
  22.10,   95.28, 1.021090692188e+00,   2.0, 1.031756250000e-03, nan
  17.95,   95.33, 1.021116850000e+00,   2.0, 2.214062500000e-03, nan
 131.11,  228.42, 1.022018703125e+00,   3.0, 9.859243750000e-03, nan
 139.45,  233.15, 1.022024754687e+00,   2.0, 2.450807812500e-03, nan
 142.82,  243.29, 1.022376337500e+00,   1.0, 0.000000000000e+00, nan
 124.62,  114.47, 1.025379275000e+00,   1.0, 0.000000000000e+00, nan
  91.03,  120.85, 1.026687062500e+00,  21.0, 5.517580401786e-02, nan
  91.91,  120.39, 1.026696970312e+00,   5.0, 4.391934562500e-02, nan
 110.67,  100.52, 1.026987410937e+00,   5.0, 3.614348906250e-02, nan
 115.77,   18.97, 1.027066189062e+00,  15.0, 1.369246759375e-01, nan
 137.08,  159.32, 1.030519695312e+00,   4.0, 5.004299179687e-02, nan
 207.95,  189.48, 1.032029700000e+00,   7.0, 3.348354799107e-02, nan
 202.12,  176.69, 1.032478845313e+00,   2.0, 1.777450781250e-02, nan
  66.03,  154.94, 1.042502140625e+00,   3.0, 2.265144270833e-03, nan
  69.23,  167.39, 1.042547023438e+00,   1.0, 0.000000000000e+00, nan
  86.03,   35.27, 1.042576857812e+00,   4.0, 3.306931250000e-03, nan
  85.54,   47.71, 1.042594840625e+00,   3.0, 1.645043125000e-02, nan
  56.05,  154.26, 1.045522448437e+00,   2.0, 4.913601640625e-02, nan
  -4.74,    9.50, 1.045795510937e+00,   2.0, 1.245484375000e-03, nan
 196.25,   52.20, 1.047737626563e+00,  16.0, 1.712225981445e-01, nan
 192.89,   30.51, 1.049725370313e+00,   7.0, 8.060274419643e-02, nan
  70.68,  116.03, 1.056719307812e+00,   2.0, 2.434428906250e-03, nan
 188.54,  188.15, 1.057203757812e+00,   4.0, 2.959236718750e-03, nan
 186.51,  182.52, 1.057240284375e+00,   2.0, 1.522195312500e-04, nan
 242.20,   66.63, 1.060486115625e+00,   5.0, 8.924510875000e-02, nan
 229.46,   75.14, 1.060496029687e+00,   4.0, 1.230539648438e-02, nan
 253.78,   65.02, 1.060570204687e+00,   2.0, 4.814570234375e-02, nan
 233.91,   78.11, 1.061952832812e+00,   2.0, 3.271690625000e-03, nan
 180.40,   50.58, 1.066319534375e+00,  15.0, 2.081988871875e-01, nan
 121.01,   96.67, 1.066952287500e+00,  11.0, 1.990843252841e-02, nan
 113.98,   98.15, 1.066958520313e+00,   2.0, 1.388515156250e-02, nan
 143.17,   95.86, 1.067121825000e+00,   5.0, 5.067868468750e-02, nan
 166.83,   48.19, 1.073517523437e+00,   3.0, 6.729907552083e-02, nan
 117.36,   33.56, 1.074290321875e+00,  38.0, 2.362922912007e-01, nan
 115.49,    8.94, 1.074481076562e+00,   2.0, 1.497023984375e-02, nan
  27.24,  130.30, 1.080180693750e+00,  10.0, 2.079749687500e-03, nan
 169.23,   37.42, 1.080624685937e+00,   6.0, 1.303574364583e-01, nan
  85.73,    5.35, 1.081562287500e+00,  20.0, 7.061888718750e-02, nan
  83.58,   18.68, 1.081572417187e+00,   8.0, 9.793052246094e-02, nan
  88.82,    1.21, 1.081860079687e+00,   6.0, 1.281341169271e-01, nan
  59.01,   93.81, 1.085917218750e+00,  21.0, 9.568150424107e-02, nan
  65.95,   67.81, 1.086030443750e+00,   8.0, 1.026817712891e-01, nan
  35.60,  207.06, 1.086034501562e+00,   2.0, 4.503756718750e-02, nan
  63.90,   84.87, 1.086216540625e+00,   3.0, 6.577788385417e-02, nan
 163.94,   97.36, 1.089693265625e+00,  12.0, 1.094962526042e-02, nan
 180.56,  148.52, 1.092499690625e+00,  36.0, 2.791120603733e-01, nan
  76.85,   52.44, 1.097593784375e+00,   3.0, 8.145654270833e-02, nan
  34.61,   56.02, 1.100241265625e+00,  19.0, 1.628674276316e-02, nan
  29.27,   47.92, 1.100249023437e+00,   6.0, 5.765280026042e-02, nan
  87.36,   65.88, 1.101308682813e+00,   2.0, 3.055352187500e-02, nan
 248.98,  175.50, 1.102443548437e+00,  14.0, 8.922362834821e-03, nan
 253.60,  178.02, 1.102458262500e+00,   2.0, 1.845807265625e-02, nan
 242.72,  187.33, 1.102473229687e+00,  12.0, 1.352519764323e-01, nan
 250.26,  191.45, 1.102504953125e+00,   2.0, 1.818654453125e-02, nan
 223.30,   31.36, 1.106745314062e+00,  22.0, 3.119827869318e-02, nan
 220.66,   20.70, 1.106745815625e+00,  12.0, 3.342004518229e-02, nan
  20.65,   49.75, 1.107844323437e+00,   7.0, 4.800914375000e-02, nan
  17.19,  102.29, 1.108688059375e+00,   2.0, 3.239854609375e-02, nan
 233.96,  198.56, 1.109018925000e+00,   4.0, 1.163248984375e-02, nan
  41.55,  146.65, 1.112879964063e+00,   3.0, 3.968846145833e-02, nan
 253.01,  244.55, 1.115104956250e+00,   1.0, 0.000000000000e+00, nan
 249.39,  254.96, 1.115163078125e+00,   2.0, 2.500362500000e-03, nan
  84.55,    8.82, 1.118862585937e+00,   3.0, 6.019153802083e-02, nan
 169.95,   48.64, 1.128226510938e+00,   2.0, 2.258348046875e-02, nan
 177.01,  238.11, 1.130800696875e+00,  28.0, 2.709657348214e-01, nan
  83.85,  228.55, 1.132218323437e+00,  40.0, 3.111788764063e-01, nan
 225.43,   18.18, 1.141367478125e+00,   5.0, 6.076031249993e-05, nan
 213.05,  227.46, 1.156332117187e+00,   4.0, 3.717440234375e-02, nan
 257.19,   77.75, 1.157070587500e+00,   5.0, 9.715620531250e-02, nan
 228.60,  156.11, 1.157092223437e+00,   1.0, 0.000000000000e+00, nan
 191.76,  120.43, 1.157099946875e+00,  36.0, 1.070666539931e-01, nan
 210.73,  154.36, 1.163002157813e+00,   2.0, 1.381672031250e-02, nan
 172.53,  147.05, 1.163323401563e+00,  44.0, 2.614508231534e-01, nan
  68.96,    3.17, 1.164148204688e+00,   2.0, 5.611015624996e-05, nan
 172.63,   69.91, 1.165711151563e+00,   3.0, 9.263719791667e-03, nan
 168.41,   60.17, 1.165787879687e+00,   2.0, 3.707474218750e-03, nan
   2.94,   52.68, 1.167585576562e+00,   1.0, 0.000000000000e+00, nan
  61.97,   99.84, 1.170573968750e+00,   4.0, 2.024882812507e-05, nan
 159.71,   49.87, 1.173197409375e+00,   1.0, 0.000000000000e+00, nan
  21.87,   81.10, 1.173374406250e+00,   1.0, 0.000000000000e+00, nan
 202.64,   92.84, 1.176545267187e+00,  20.0, 1.806441390625e-02, nan
 203.38,   93.96, 1.176545623438e+00,   4.0, 7.381367187492e-05, nan
 217.96,   64.04, 1.176561785937e+00,  11.0, 5.462084801136e-02, nan
 197.65,  115.96, 1.176571998438e+00,  20.0, 1.187712601562e-01, nan
 230.46,   97.65, 1.176574537500e+00,  26.0, 1.935104004207e-01, nan
 178.42,  134.47, 1.185170417187e+00,   9.0, 8.002493923611e-02, nan
  85.01,   93.09, 1.187933792187e+00,   1.0, 0.000000000000e+00, nan
 176.98,  147.20, 1.188163390625e+00,   2.0, 4.347925703125e-02, nan
 222.15,   79.07, 1.189185829687e+00,   1.0, 0.000000000000e+00, nan
  83.83,   30.62, 1.190567926562e+00,   1.0, 0.000000000000e+00, nan
 207.15,   60.99, 1.190853714062e+00,   4.0, 4.835077890625e-02, nan
 209.62,  141.64, 1.196899095313e+00,  49.0, 2.561299042730e-01, nan
 186.58,  219.29, 1.199104215625e+00,   2.0, 5.417330468750e-03, nan
  15.08,  188.63, 1.207826876562e+00,  25.0, 1.347971931250e-02, nan
  12.72,  178.50, 1.207855621875e+00,   3.0, 4.293268489583e-02, nan
   3.16,  188.98, 1.208002240625e+00,   2.0, 4.331741953125e-02, nan
  10.98,  205.37, 1.209033870312e+00,   2.0, 2.954546406250e-02, nan
 189.17,  238.91, 1.210237382812e+00,   1.0, 0.000000000000e+00, nan
  71.28,    1.91, 1.212377550000e+00,   6.0, 8.249606510417e-02, nan
 202.48,  119.46, 1.215977973438e+00,   1.0, 0.000000000000e+00, nan
 181.38,  126.18, 1.216003515625e+00,   4.0, 3.217265546875e-02, nan
  31.53,  138.65, 1.217347946875e+00,   1.0, 0.000000000000e+00, nan
  74.15,  219.11, 1.217806218750e+00,   4.0, 6.598032812500e-03, nan
  47.26,  206.45, 1.217818631250e+00,  38.0, 1.809842655428e-01, nan
 142.97,   68.85, 1.219284732813e+00,  36.0, 1.047814302951e-01, nan
 119.84,  202.06, 1.223329909375e+00,   9.0, 3.654825295139e-02, nan
 150.33,  220.39, 1.223404442187e+00,   9.0, 8.888249305556e-02, nan
  71.11,   25.39, 1.225070607812e+00,   2.0, 4.905866640625e-02, nan
 127.79,   44.53, 1.225439107812e+00,   4.0, 4.724826562500e-02, nan
 124.21,  244.35, 1.225988959375e+00,  53.0, 4.385925056014e-02, nan
 103.17,  245.34, 1.226021954687e+00,  31.0, 3.830510433468e-02, nan
 115.18,  239.17, 1.226041176562e+00,   5.0, 1.744005968750e-02, nan
 143.10,  239.22, 1.226111354687e+00,  29.0, 2.142994174030e-01, nan
 144.41,  251.56, 1.227516332813e+00,  11.0, 7.870969701705e-02, nan
 129.43,  194.33, 1.229474490625e+00,   2.0, 1.073822656250e-03, nan
 157.89,   64.98, 1.234484753125e+00,   7.0, 8.035387410714e-02, nan
 119.09,  231.40, 1.237379656250e+00,   1.0, 0.000000000000e+00, nan
 118.95,  161.11, 1.240006184375e+00,  34.0, 1.919502166820e-01, nan
 187.55,  209.30, 1.241820082812e+00,   2.0, 4.636184531250e-02, nan
  91.30,  250.69, 1.244244689062e+00,   4.0, 2.483218828125e-02, nan
  79.72,  248.50, 1.245168621875e+00,   3.0, 6.876901302083e-02, nan
 228.00,  124.62, 1.258489020312e+00,  44.0, 2.396441181463e-01, nan
 222.12,  127.56, 1.258496995313e+00,   1.0, 0.000000000000e+00, nan
 242.11,  205.76, 1.261713857813e+00,  18.0, 7.212473020833e-02, nan
 197.83,  114.05, 1.265739879687e+00,   2.0, 3.909166328125e-02, nan
   4.56,  223.23, 1.266605184375e+00,   9.0, 2.370671006944e-03, nan
   6.78,  220.18, 1.266605693750e+00,   2.0, 7.345945312500e-04, nan
 161.44,  253.87, 1.270462734375e+00,  18.0, 1.028003003472e-02, nan
 147.11,  251.53, 1.270522310937e+00,  11.0, 5.755864630682e-02, nan
 146.50,  242.80, 1.270555754687e+00,   7.0, 6.447624352679e-02, nan
 145.36,  247.98, 1.270616404687e+00,   3.0, 6.480119322917e-02, nan
  39.04,  248.08, 1.271150204687e+00,  10.0, 7.675059375000e-03, nan
  37.54,  242.47, 1.271179259375e+00,   2.0, 4.616328124996e-05, nan
  67.98,  139.62, 1.271221398438e+00, 112.0, 4.561279141323e-01, nan
 117.48,   58.93, 1.272595517187e+00,   1.0, 0.000000000000e+00, nan
 136.02,   57.26, 1.273012004687e+00,   2.0, 4.325867109375e-02, nan
 163.93,   98.78, 1.273973309375e+00,  32.0, 2.665899389648e-02, nan
 149.96,   99.56, 1.273973703125e+00,   8.0, 2.812351035156e-02, nan
 156.27,  114.75, 1.273978112500e+00,   5.0, 2.620640875000e-02, nan
 172.30,  105.56, 1.274039131250e+00,   3.0, 2.116819947917e-02, nan
 164.63,  188.49, 1.277450767187e+00,  28.0, 1.980880747768e-02, nan
 167.73,  191.74, 1.277455971875e+00,   7.0, 3.842238370536e-02, nan
 241.54,  192.31, 1.280102175000e+00,  11.0, 1.024117742898e-01, nan
 143.38,  180.12, 1.283057310937e+00,   4.0, 3.592705703125e-02, nan
 176.02,  157.17, 1.294206862500e+00,  14.0, 1.559030803571e-01, nan
 205.17,  173.33, 1.296259748438e+00,  49.0, 1.759470824298e-01, nan
 172.69,   88.27, 1.301210796875e+00,   3.0, 1.236584114583e-02, nan
 181.01,   95.63, 1.301214468750e+00,   1.0, 0.000000000000e+00, nan
 240.56,  210.84, 1.303027384375e+00,   3.0, 1.871575416667e-02, nan
  62.04,  253.50, 1.304175678125e+00,   3.0, 3.263278125000e-03, nan
  58.43,  205.88, 1.304218273437e+00,   6.0, 1.027086958333e-01, nan
  28.97,  214.39, 1.304263953125e+00,  24.0, 1.146198507812e-01, nan
  68.16,  245.99, 1.306164225000e+00,   2.0, 2.188858593750e-03, nan
 246.94,   93.06, 1.306182142187e+00,  13.0, 1.178148268029e-01, nan
 239.14,   94.30, 1.309448592187e+00,   2.0, 4.700392812500e-02, nan
  20.72,  110.13, 1.310583337500e+00,   2.0, 1.049140624998e-05, nan
  18.26,  121.99, 1.310728170312e+00,   1.0, 0.000000000000e+00, nan
 115.61,  103.09, 1.317821207813e+00,  46.0, 1.570514417120e-01, nan
 129.51,   73.34, 1.325721790625e+00,   2.0, 1.807825078125e-02, nan
 246.44,   12.38, 1.327814981250e+00,  15.0, 6.457559583333e-03, nan
 251.80,   12.54, 1.327831281250e+00,   2.0, 6.177265625000e-04, nan
 242.35,   10.39, 1.327847520312e+00,   2.0, 2.091547109375e-02, nan
 137.50,  134.93, 1.328602175000e+00,  51.0, 1.391013395221e-01, nan
  72.88,  166.49, 1.329333678125e+00, 134.0, 2.975538657999e-01, nan
  59.66,  153.03, 1.329371270313e+00,  11.0, 5.588000653409e-02, nan
  67.92,  123.12, 1.329402475000e+00,   2.0, 1.014385234375e-02, nan
 160.08,    4.35, 1.334627289062e+00,   7.0, 5.037363392857e-03, nan
 172.90,   17.42, 1.334773510937e+00,   9.0, 2.925237951389e-02, nan
 212.51,   87.54, 1.334973415625e+00,   8.0, 1.250804160156e-01, nan
 117.60,  172.12, 1.336516950000e+00,   9.0, 8.767355902777e-04, nan
 112.74,  162.26, 1.336518217187e+00,   4.0, 6.026966328125e-02, nan
  96.59,  161.54, 1.336526045312e+00,   4.0, 7.134355000000e-02, nan
 134.25,  142.91, 1.336548448437e+00,  33.0, 3.058434053504e-01, nan
 110.15,  141.71, 1.343125159375e+00,   1.0, 0.000000000000e+00, nan
  33.99,  142.99, 1.344225507812e+00,  19.0, 1.357431703125e-01, nan
  46.90,  128.70, 1.346709979687e+00,   2.0, 1.500171875000e-04, nan
  78.77,  198.32, 1.348778079687e+00,   4.0, 1.565672187500e-02, nan
  64.54,  143.32, 1.348921881250e+00,  13.0, 1.397797546875e-01, nan
  54.29,  161.44, 1.351087776563e+00,  10.0, 2.283850156250e-03, nan
  63.63,  161.35, 1.351089720312e+00,   4.0, 2.677028085938e-02, nan
 111.87,   16.82, 1.351396282812e+00,  34.0, 1.657145066636e-01, nan
 124.93,   10.40, 1.351426137500e+00,  10.0, 4.357102296875e-02, nan
 186.72,  181.80, 1.352429654687e+00,   3.0, 6.145739218750e-02, nan
 218.20,    3.41, 1.356759807812e+00,   3.0, 8.600008333333e-03, nan
 225.55,  141.46, 1.360641029688e+00,   2.0, 3.182031249938e-06, nan
 232.10,  113.61, 1.360655906250e+00,  11.0, 1.965104166193e-01, nan
 211.47,    9.54, 1.360880185937e+00,   1.0, 0.000000000000e+00, nan
  40.99,  223.44, 1.361678029687e+00,   2.0, 3.189872656250e-02, nan
  16.90,  238.31, 1.361862265625e+00,  21.0, 1.000826786458e-01, nan
 112.87,    9.48, 1.365393139063e+00,   6.0, 4.665233802083e-02, nan
  41.72,  146.29, 1.366687123437e+00,  12.0, 1.336269356771e-01, nan
 186.87,   22.47, 1.371773778125e+00,   3.0, 3.149610937500e-03, nan
 161.70,  134.60, 1.372712526562e+00,  22.0, 1.789882387074e-01, nan
 172.52,  176.91, 1.373140585937e+00,   3.0, 7.399841354167e-02, nan
 139.80,    8.84, 1.375931543750e+00,   5.0, 7.743283000000e-02, nan
 210.89,   80.80, 1.376848514062e+00,   6.0, 3.498248958333e-03, nan
 140.04,  234.79, 1.384973465625e+00,   6.0, 8.468849166667e-02, nan
 149.72,  236.24, 1.388369889063e+00,   3.0, 6.174580989583e-02, nan
  48.02,  138.75, 1.391756101562e+00,   8.0, 1.038537460937e-01, nan
 223.80,  169.24, 1.392026909375e+00,   9.0, 8.718029531250e-02, nan
 138.30,    1.03, 1.392327140625e+00,   4.0, 3.348825742188e-02, nan
 100.42,   93.54, 1.393851303125e+00,   9.0, 1.347171284722e-02, nan
 106.09,   92.85, 1.393864600000e+00,   1.0, 0.000000000000e+00, nan
  43.64,  200.77, 1.394806985937e+00,   2.0, 7.481507812500e-03, nan
  41.77,   14.79, 1.397373753125e+00,  25.0, 2.767463106250e-02, nan
  46.59,   19.73, 1.397383417187e+00,   2.0, 1.575358437500e-02, nan
  46.57,    8.38, 1.397470671875e+00,   2.0, 1.573181328125e-02, nan
  82.90,  164.48, 1.404642539062e+00,   1.0, 0.000000000000e+00, nan
 248.53,  143.05, 1.407098709375e+00,   1.0, 0.000000000000e+00, nan
 199.49,  143.50, 1.407988921875e+00,   6.0, 9.034475468750e-02, nan
 101.16,    4.92, 1.408648945312e+00,   3.0, 6.809917916667e-02, nan
  17.36,  215.68, 1.410009040625e+00,   3.0, 2.769061406250e-02, nan
  26.39,  237.63, 1.410258881250e+00,   4.0, 5.135291250000e-02, nan
  40.82,   78.88, 1.411821756250e+00,  34.0, 2.415400027574e-02, nan
  40.53,   81.51, 1.411823964062e+00,  14.0, 3.258202734375e-02, nan
  65.43,   70.13, 1.411837300000e+00,  26.0, 1.632113049279e-01, nan
  60.20,   79.85, 1.411842964062e+00,  10.0, 1.386271415625e-01, nan
  53.99,   85.40, 1.412764554687e+00,   2.0, 1.548410937500e-03, nan
  54.65,   65.79, 1.415685512500e+00,   3.0, 1.546213906250e-02, nan
  13.25,  247.21, 1.418934642187e+00,   7.0, 9.354914508929e-03, nan
   4.36,  243.05, 1.418941140625e+00,   3.0, 6.566331145833e-02, nan
   7.70,  260.31, 1.419370048438e+00,   1.0, 0.000000000000e+00, nan
  21.61,  253.08, 1.420171339062e+00,   2.0, 2.784105156250e-02, nan
 137.51,  137.28, 1.423248031250e+00,   8.0, 1.475902851562e-02, nan
 174.81,  140.01, 1.423250450000e+00,   4.0, 6.440859453125e-02, nan
  59.00,  183.68, 1.431319732813e+00,  31.0, 2.000651732863e-01, nan
  27.10,  199.33, 1.431543845313e+00,   5.0, 8.028809343750e-02, nan
  86.94,  148.26, 1.431656868750e+00,   2.0, 4.123026562500e-03, nan
 124.76,  105.99, 1.434415312500e+00,   4.0, 4.050047226563e-02, nan
 207.60,  178.52, 1.436248207812e+00,   5.0, 8.988750312500e-03, nan
 206.63,  182.67, 1.436289978125e+00,   2.0, 9.220914062500e-03, nan
 101.41,  176.82, 1.438586479687e+00,   3.0, 6.244786354167e-02, nan
  77.84,  232.77, 1.439038526562e+00,   2.0, 3.769706328125e-02, nan
  77.94,  136.89, 1.439902709375e+00,   1.0, 0.000000000000e+00, nan
 240.37,  225.80, 1.442567209375e+00,  39.0, 1.148394664663e-01, nan
 241.99,  224.90, 1.442865623437e+00,   7.0, 1.031834975446e-01, nan
 161.99,  195.65, 1.445243689063e+00,   2.0, 1.931379687500e-03, nan
   6.04,   12.12, 1.445356540625e+00,  20.0, 4.316717414062e-02, nan
   9.28,   20.17, 1.445508765625e+00,   2.0, 1.223469843750e-02, nan
   2.60,   23.57, 1.445569979687e+00,   2.0, 9.482064062500e-03, nan
 111.50,  108.51, 1.446207276563e+00,   2.0, 3.266533281250e-02, nan
 213.94,  175.57, 1.446325089062e+00,   2.0, 4.210980468750e-03, nan
 182.00,  254.68, 1.446351460937e+00,   3.0, 7.699218750005e-05, nan
 179.84,  239.42, 1.446364023437e+00,   2.0, 6.659325000000e-03, nan
 170.38,  258.93, 1.446368704688e+00,   2.0, 3.713134140625e-02, nan
 236.38,  221.40, 1.449692500000e+00,   7.0, 6.818571696429e-02, nan
 166.26,  124.96, 1.451675787500e+00,   5.0, 1.116773150000e-01, nan
  81.75,  217.85, 1.452449964062e+00,   2.0, 3.095910703125e-02, nan
 230.59,  258.27, 1.452601571875e+00,   2.0, 2.959981406250e-02, nan
 225.88,   33.79, 1.454429960937e+00,  11.0, 2.437989488636e-02, nan
 245.12,   44.32, 1.454511196875e+00,  53.0, 1.811820048054e-01, nan
 223.82,   22.40, 1.454654200000e+00,   7.0, 3.185215669643e-02, nan
  39.15,  144.92, 1.460259253125e+00,   5.0, 4.367154250000e-02, nan
 233.46,  136.46, 1.467539490625e+00,   2.0, 4.473081171875e-02, nan
  36.68,  152.47, 1.468694096875e+00,   2.0, 3.137697109375e-02, nan
 250.82,   44.17, 1.472906806250e+00,   2.0, 1.381382812500e-03, nan
 151.07,  179.42, 1.473045793750e+00,  39.0, 2.028959822115e-01, nan
 126.94,  174.18, 1.473061543750e+00,  13.0, 1.017281622596e-01, nan
 147.75,  221.52, 1.473820503125e+00,   4.0, 4.338312890625e-03, nan
 244.61,   22.52, 1.476938590625e+00,   2.0, 7.182784375000e-03, nan
 112.36,  201.37, 1.478485017187e+00,  47.0, 2.753159765957e-01, nan
  17.37,  147.76, 1.478638067187e+00,   3.0, 2.991141145833e-03, nan
 120.75,  127.79, 1.478849896875e+00,   2.0, 5.844543750000e-03, nan
 232.60,   49.03, 1.479476793750e+00,   1.0, 0.000000000000e+00, nan
  51.41,  121.63, 1.481511218750e+00,  11.0, 8.747151576705e-02, nan
  80.42,  152.17, 1.481560807812e+00,   9.0, 1.599224065972e-01, nan
 230.25,   63.17, 1.487156432812e+00,  13.0, 8.700402079327e-02, nan
  -2.69,    0.18, 1.487468681250e+00,   4.0, 3.838246015625e-02, nan
 130.51,   59.35, 1.489296470313e+00,  12.0, 8.608918307292e-02, nan
 122.82,  153.67, 1.489665787500e+00,   2.0, 8.069933593750e-03, nan
 225.23,  165.19, 1.492412178125e+00,   2.0, 1.946487890625e-02, nan
  44.31,  133.90, 1.494093354687e+00,   3.0, 5.601201666667e-02, nan
 117.89,  198.64, 1.499282662500e+00,   2.0, 7.343750000333e-07, nan
 131.63,  193.25, 1.499285439062e+00,   2.0, 3.776455625000e-02, nan
  66.84,  182.02, 1.502602045312e+00,  10.0, 7.536908906250e-02, nan
  90.90,  188.86, 1.510134729687e+00,   5.0, 1.582023718750e-02, nan
  73.04,  185.48, 1.510152918750e+00,  15.0, 2.028407032292e-01, nan
  85.62,  206.08, 1.514307865625e+00,   2.0, 1.634796562500e-02, nan
  44.78,  130.38, 1.517076034375e+00,   2.0, 3.012351953125e-02, nan
  78.35,   98.17, 1.519157156250e+00,  11.0, 5.214569744318e-02, nan
  72.58,  104.74, 1.519273742187e+00,   2.0, 2.675921171875e-02, nan
  96.95,  258.03, 1.520758695312e+00,   9.0, 1.150298611111e-02, nan
 103.83,  259.94, 1.520775201563e+00,   3.0, 1.877921875000e-04, nan
 110.51,  235.18, 1.520841020313e+00,   5.0, 2.548214843750e-02, nan
 252.23,  187.07, 1.521233448437e+00,  14.0, 4.564790401786e-03, nan
 180.45,  116.54, 1.525311843750e+00,   2.0, 3.193358828125e-02, nan
  18.31,  190.13, 1.526993076562e+00,   1.0, 0.000000000000e+00, nan
  13.96,  126.55, 1.529526293750e+00,   1.0, 0.000000000000e+00, nan
  42.43,  175.92, 1.534865865625e+00,   2.0, 5.851603906250e-03, nan
 231.61,  121.38, 1.552968229688e+00,   2.0, 3.866475625000e-02, nan
  26.86,  206.25, 1.553199173437e+00,   2.0, 4.388388046875e-02, nan
 123.67,  249.63, 1.556052876562e+00,   5.0, 1.371455812500e-02, nan
  53.28,   45.67, 1.557620420312e+00,   9.0, 5.026183680556e-03, nan
 231.90,   68.48, 1.559118748437e+00,   1.0, 0.000000000000e+00, nan
 140.59,   61.80, 1.559840920312e+00,   2.0, 4.373154296875e-02, nan
  22.04,   45.44, 1.561978053125e+00,  19.0, 1.789022717105e-01, nan
  78.16,   71.96, 1.566010031250e+00,   2.0, 1.748684531250e-02, nan
 168.06,   40.64, 1.573403923437e+00,   9.0, 2.726501736111e-03, nan
 161.49,  223.01, 1.574988492187e+00,  50.0, 3.134077715000e-01, nan
 231.58,   66.87, 1.578893950000e+00,  15.0, 1.485281375000e-01, nan
 103.86,   35.62, 1.578984064062e+00,   6.0, 1.670285572917e-02, nan
  99.77,   34.54, 1.578984535937e+00,   6.0, 5.849375937500e-02, nan
  94.36,   44.34, 1.579127521875e+00,   6.0, 3.522700364583e-02, nan
  89.55,  153.67, 1.581035304687e+00,   3.0, 6.558910937500e-02, nan
 191.28,   70.11, 1.583404845313e+00,  40.0, 9.014305855469e-02, nan
 193.71,  106.46, 1.587023925000e+00,   4.0, 2.499782812500e-03, nan
 145.62,  187.89, 1.587123323437e+00,   4.0, 6.783979531250e-02, nan
 167.80,   82.96, 1.591000868750e+00,  20.0, 1.731594499219e-01, nan
  27.66,   57.43, 1.591682890625e+00,  19.0, 1.526851875822e-01, nan
  19.50,   57.96, 1.591686921875e+00,   3.0, 3.838767552083e-02, nan
  66.22,  117.03, 1.593408376563e+00,  22.0, 2.229065385653e-01, nan
 217.07,  228.96, 1.595358400000e+00,  16.0, 1.174718700195e-01, nan
 191.97,   22.78, 1.595611993750e+00,   9.0, 3.425529322917e-02, nan
  50.51,   69.48, 1.600722979687e+00,  16.0, 1.463239615234e-01, nan
 228.44,  225.21, 1.606303403125e+00,   5.0, 7.146157781250e-02, nan
 181.89,  136.94, 1.606420542187e+00,  39.0, 1.478679379407e-01, nan
 131.99,  143.00, 1.607130975000e+00,  15.0, 8.918196885417e-02, nan
  60.94,  167.71, 1.609740545312e+00,   2.0, 3.569245390625e-02, nan
 243.45,   43.09, 1.613010751562e+00,   2.0, 3.802157421875e-02, nan
 197.80,   36.01, 1.618057904687e+00,  11.0, 1.900344772727e-02, nan
   6.07,  212.22, 1.619960010937e+00,   9.0, 1.047609664931e-01, nan
  97.54,   48.33, 1.621202229687e+00,   1.0, 0.000000000000e+00, nan
 183.69,  220.78, 1.627394848437e+00,   2.0, 2.675972968750e-02, nan
 245.96,  110.08, 1.630009678125e+00,   2.0, 1.164296875000e-05, nan
 191.33,   60.72, 1.632953629688e+00,   7.0, 8.178258973214e-02, nan
  89.64,  171.43, 1.637768073437e+00,   2.0, 3.481942031250e-02, nan
 190.88,   55.01, 1.643518389063e+00,   1.0, 0.000000000000e+00, nan
 162.71,   76.11, 1.649127720312e+00,  17.0, 6.847659981618e-02, nan
 183.96,   79.26, 1.651517592187e+00,   2.0, 3.654364062500e-02, nan
 215.27,  222.37, 1.653902987500e+00,   2.0, 3.986718749993e-05, nan
  10.06,  216.74, 1.657213075000e+00,   2.0, 4.718578124999e-04, nan
 109.98,   97.77, 1.657380914062e+00,  12.0, 8.817649739583e-03, nan
 113.16,   93.26, 1.657381479687e+00,   3.0, 2.780432291667e-04, nan
 126.75,  154.03, 1.658562175000e+00,   7.0, 7.366513839286e-03, nan
 125.80,  139.54, 1.658597967187e+00,   2.0, 5.788492187500e-04, nan
  56.67,  186.24, 1.659716939062e+00,   4.0, 6.937023281250e-02, nan
  56.87,  252.99, 1.676623392188e+00,  14.0, 5.446715178571e-03, nan
  64.71,  249.62, 1.676634954687e+00,   1.0, 0.000000000000e+00, nan
  49.37,  248.75, 1.676670871875e+00,   2.0, 2.208267187500e-03, nan
 157.22,  195.62, 1.677326950000e+00,  30.0, 1.381112135417e-01, nan
 155.78,  173.65, 1.677327064062e+00,   4.0, 6.449882812498e-05, nan
 124.34,  176.93, 1.677358792187e+00,   3.0, 6.497908854167e-02, nan
 198.04,   73.32, 1.678798428125e+00,   2.0, 2.020465625000e-03, nan
 187.71,  198.15, 1.680891539062e+00,  13.0, 6.543533882212e-02, nan
 158.82,  183.49, 1.681554909375e+00,   2.0, 4.946980625000e-02, nan
 177.68,  233.82, 1.687328785937e+00,  29.0, 2.262582172414e-01, nan
 229.26,  240.93, 1.687341398437e+00,   1.0, 0.000000000000e+00, nan
 212.37,  232.75, 1.687354431250e+00,   3.0, 6.226357552083e-02, nan
  35.11,   45.78, 1.687843698437e+00,   3.0, 6.287003385417e-02, nan
 121.33,  216.76, 1.688057837500e+00,  11.0, 1.050988274148e-01, nan
 255.19,   39.05, 1.688780310937e+00,   1.0, 0.000000000000e+00, nan
 251.55,   73.46, 1.688808987500e+00,  12.0, 5.753124010417e-02, nan
 109.50,   57.98, 1.690491618750e+00,  62.0, 1.772811148690e-01, nan
  51.19,   63.67, 1.692922348438e+00,   3.0, 4.374911041667e-02, nan
  42.61,   76.36, 1.692937298437e+00,  12.0, 8.452843085937e-02, nan
 245.88,   17.92, 1.693764359375e+00,  37.0, 1.913539889358e-01, nan
 238.03,   15.25, 1.693853609375e+00,  21.0, 8.387862239583e-02, nan
 212.89,    4.79, 1.693856803125e+00,   5.0, 6.677833125000e-03, nan
 209.15,  180.89, 1.695120340625e+00,  73.0, 1.924676222389e-01, nan
 216.96,  158.62, 1.695153201562e+00,  21.0, 1.340520453125e-01, nan
  11.34,  123.00, 1.699077823437e+00,  37.0, 8.789731549831e-02, nan
  24.12,  122.49, 1.699103585937e+00,  17.0, 1.389133840074e-01, nan
  -1.93,  121.90, 1.699218801562e+00,   3.0, 1.584744375000e-02, nan
 168.28,  134.11, 1.701891067187e+00,  13.0, 6.123240625000e-02, nan
 193.60,  135.60, 1.701893884375e+00,   4.0, 5.031550351562e-02, nan
 185.98,  124.78, 1.702134554687e+00,   2.0, 4.005402031250e-02, nan
 194.40,  150.60, 1.702143568750e+00,   1.0, 0.000000000000e+00, nan
  65.32,  187.07, 1.708913225000e+00,   3.0, 8.523736822917e-02, nan
  22.41,   17.14, 1.711541284375e+00,  63.0, 1.303148310268e-01, nan
  27.00,   24.94, 1.711543107812e+00,   3.0, 7.523066666667e-03, nan
  14.94,   25.90, 1.711547098437e+00,   2.0, 4.224697265625e-02, nan
  28.30,   14.90, 1.711555112500e+00,   2.0, 6.926234375000e-03, nan
  14.23,    9.93, 1.711969881250e+00,   9.0, 1.232698559028e-01, nan
  22.12,   30.09, 1.712225428125e+00,   2.0, 3.627133437500e-02, nan
 238.08,   75.25, 1.713805210937e+00,   3.0, 2.369476302083e-02, nan
 228.46,   66.82, 1.713945745312e+00,   2.0, 4.075599843750e-02, nan
  44.34,   20.93, 1.714005404687e+00,   1.0, 0.000000000000e+00, nan
 244.64,   26.89, 1.722022676562e+00,   5.0, 7.213318000000e-02, nan
 153.09,  145.09, 1.723540368750e+00,   3.0, 5.897681406250e-02, nan
 190.62,  146.06, 1.735829684375e+00,   3.0, 6.712216770833e-02, nan
  20.72,   85.37, 1.736459709375e+00,   5.0, 2.440758406250e-02, nan
  93.11,  248.16, 1.737202634375e+00,  52.0, 1.467797858173e-01, nan
 117.39,  221.39, 1.737221342188e+00,  29.0, 1.511886237069e-01, nan
 106.18,  231.87, 1.737225821875e+00,  24.0, 9.722586914063e-02, nan
 108.60,  244.93, 1.737304009375e+00,   2.0, 3.016262578125e-02, nan
 140.94,    4.12, 1.737447865625e+00,   1.0, 0.000000000000e+00, nan
 186.60,  116.03, 1.741596596875e+00,   4.0, 1.551237187500e-02, nan
 245.50,   83.42, 1.748272137500e+00,   1.0, 0.000000000000e+00, nan
 253.50,  191.44, 1.749765403125e+00,  12.0, 5.952426953125e-03, nan
 246.86,  185.44, 1.750031068750e+00,   2.0, 1.015018750000e-03, nan
 103.36,  226.67, 1.761659289063e+00,   9.0, 7.608924774306e-02, nan
 107.75,  218.08, 1.761703207812e+00,   3.0, 5.279448020833e-02, nan
 122.51,   -2.37, 1.764365551562e+00,   1.0, 0.000000000000e+00, nan
 106.34,  195.96, 1.766617282812e+00,  11.0, 1.377773630682e-01, nan
 121.26,  199.01, 1.766638779687e+00,   3.0, 2.177735885417e-02, nan
 157.98,  228.85, 1.769731556250e+00,   1.0, 0.000000000000e+00, nan
  85.78,  258.76, 1.773429256250e+00,   1.0, 0.000000000000e+00, nan
  90.37,  240.49, 1.773443675000e+00,   1.0, 0.000000000000e+00, nan
  92.74,   77.88, 1.776906284375e+00,  39.0, 6.972540340545e-02, nan
  87.35,  104.93, 1.776906548437e+00,   4.0, 6.541946484375e-03, nan
  65.17,   91.32, 1.776909060938e+00,  21.0, 1.894723437500e-01, nan
 100.46,   90.94, 1.777034262500e+00,  37.0, 1.593783908361e-01, nan
 124.65,  214.96, 1.778722114063e+00,   8.0, 1.570905781250e-02, nan
  98.82,  121.70, 1.779686964062e+00,   4.0, 2.595854414062e-02, nan
 118.67,  214.56, 1.779709435937e+00,   2.0, 8.911932812500e-03, nan
 219.13,  158.86, 1.779745525000e+00,   2.0, 5.986334375000e-03, nan
 234.20,  151.29, 1.779758076562e+00,   3.0, 4.786618125000e-02, nan
  70.75,  109.28, 1.781270071875e+00,   3.0, 2.290878541667e-02, nan
   7.04,  135.59, 1.781563556250e+00,  16.0, 1.191841277344e-01, nan
  31.81,   53.64, 1.782144393750e+00,   2.0, 2.124266562500e-02, nan
  93.31,   75.92, 1.785807514062e+00,   4.0, 5.118882382813e-02, nan
  18.45,  128.75, 1.786035576563e+00,   6.0, 6.263558515625e-02, nan
  54.71,  223.43, 1.787561743750e+00,   8.0, 8.879667968750e-03, nan
  49.97,  143.83, 1.787574745312e+00,   3.0, 4.389692239583e-02, nan
 247.30,  152.62, 1.787620162500e+00,   5.0, 9.543994375000e-03, nan
  92.49,  128.72, 1.788023073437e+00,   6.0, 1.511407369792e-02, nan
  96.52,  201.04, 1.789777307812e+00,   6.0, 5.898978854167e-02, nan
 125.64,   60.87, 1.792230743750e+00,  18.0, 1.437910354167e-01, nan
  64.06,  222.62, 1.792392268750e+00,   1.0, 0.000000000000e+00, nan
 133.50,   70.17, 1.792398979687e+00,   4.0, 3.045769960937e-02, nan
 227.28,  135.96, 1.792660453125e+00,  15.0, 7.666621562500e-03, nan
 227.73,  117.03, 1.792874085937e+00,  16.0, 1.148458313477e-01, nan
 156.26,  216.17, 1.794408421875e+00,   2.0, 4.085053359375e-02, nan
 101.17,   32.55, 1.795687032812e+00,  23.0, 1.478813301630e-02, nan
 111.72,   31.76, 1.795724410937e+00,   5.0, 1.852302531250e-02, nan
  97.78,   30.96, 1.795743473437e+00,   3.0, 6.871102604167e-03, nan
 111.03,   14.65, 1.795769259375e+00,  41.0, 1.916393512957e-01, nan
  88.69,   54.16, 1.795770817187e+00,   5.0, 2.810857093750e-02, nan
   0.80,   47.63, 1.795984668750e+00,   2.0, 2.227226562500e-04, nan
 111.08,   43.40, 1.796033810937e+00,   8.0, 4.063701757813e-03, nan
 250.46,    5.72, 1.796293535937e+00,   8.0, 2.748587363281e-02, nan
 244.15,    0.26, 1.796984089062e+00,   4.0, 7.524459179687e-02, nan
 201.93,  188.67, 1.801730732812e+00,  16.0, 1.433685933594e-01, nan
 205.10,  177.76, 1.801735046875e+00,   8.0, 1.349859017578e-01, nan
  83.60,  130.99, 1.806135873437e+00,  14.0, 1.228290842634e-01, nan
 111.74,  151.66, 1.806170740625e+00,  26.0, 1.058425367788e-01, nan
 222.90,  102.51, 1.808195510937e+00,  23.0, 5.262580088315e-02, nan
 220.69,  105.58, 1.808210762500e+00,   4.0, 2.405231015625e-02, nan
 231.83,   95.10, 1.808261389062e+00,  14.0, 9.736508727679e-02, nan
 220.79,  117.32, 1.808749957812e+00,   5.0, 3.603651750000e-02, nan
  85.70,  245.00, 1.811498357812e+00,   3.0, 6.466597864583e-02, nan
 255.11,   24.48, 1.812179723437e+00,   1.0, 0.000000000000e+00, nan
  82.88,  238.91, 1.813130023437e+00,   2.0, 4.767423437500e-02, nan
  58.55,  105.63, 1.815645114062e+00,   2.0, 4.121515625000e-03, nan
   3.53,  121.95, 1.816624301562e+00,  10.0, 9.833817156250e-02, nan
  61.78,   37.67, 1.819003476562e+00,  18.0, 1.326077959201e-01, nan
  66.14,   27.92, 1.820301985937e+00,   3.0, 3.750583229167e-02, nan
   1.63,   78.31, 1.821565784375e+00,   4.0, 4.747753515625e-03, nan
  -1.88,   84.33, 1.821703603125e+00,   2.0, 5.143478906250e-03, nan
 139.28,  230.54, 1.823233965625e+00,   5.0, 1.169062237500e-01, nan
 136.77,  115.78, 1.823983193750e+00,   2.0, 7.468063281250e-03, nan
  65.88,  205.06, 1.831792495312e+00,   1.0, 0.000000000000e+00, nan
  41.13,  132.50, 1.847257821875e+00,   2.0, 2.513610781250e-02, nan
 122.79,   35.03, 1.848848917187e+00,  19.0, 1.426752277138e-01, nan
 184.25,   18.89, 1.848887918750e+00,  19.0, 1.628994909539e-02, nan
 178.44,    7.73, 1.848894482813e+00,  10.0, 6.749963656250e-02, nan
  27.08,   97.18, 1.853107442188e+00,   9.0, 9.040114184028e-02, nan
 102.20,   74.71, 1.853273704687e+00,   2.0, 4.190625000011e-06, nan
  87.26,   94.21, 1.853275806250e+00,   3.0, 7.182598593750e-02, nan
 108.10,   97.36, 1.853282237500e+00,   6.0, 8.304936484375e-02, nan
   9.14,  119.47, 1.853676721875e+00,   2.0, 4.293237343750e-02, nan
   3.21,  140.16, 1.853920043750e+00,   2.0, 4.734765468750e-02, nan
 232.36,  103.41, 1.854949920312e+00,   2.0, 2.588099765625e-02, nan
 182.34,   19.84, 1.855952623437e+00,  15.0, 1.221691948958e-01, nan
 182.14,    2.33, 1.856613550000e+00,   3.0, 2.925212500000e-02, nan
  65.87,   41.54, 1.862234056250e+00,   6.0, 7.693789166667e-02, nan
  80.68,   50.86, 1.866692435937e+00,   3.0, 8.156105000000e-02, nan
 166.51,  228.16, 1.868571454687e+00,   9.0, 1.412046895833e-01, nan
 173.79,  227.92, 1.868580020312e+00,   7.0, 9.465059107143e-02, nan
 161.22,  230.25, 1.868822810938e+00,   2.0, 2.918290312500e-02, nan
 130.43,   75.81, 1.871884437500e+00,   2.0, 4.106088984375e-02, nan
 223.11,  156.12, 1.876230664062e+00,   2.0, 8.801001562500e-03, nan
 124.04,  133.10, 1.881075179687e+00,  17.0, 6.201723777574e-02, nan
 108.15,  140.50, 1.881098376563e+00,   2.0, 6.557900781250e-03, nan
 120.17,  139.20, 1.881119298437e+00,   2.0, 3.155977031250e-02, nan
 108.98,  151.53, 1.881142706250e+00,   2.0, 6.249594531250e-03, nan
  96.02,  144.74, 1.881150384375e+00,   2.0, 2.016840625000e-02, nan
  67.12,  148.33, 1.882238860937e+00,  13.0, 9.035263569712e-02, nan
  17.70,  167.66, 1.883175073437e+00,  20.0, 1.379011976563e-02, nan
  16.91,  181.62, 1.883201603125e+00,  14.0, 6.951147678571e-02, nan
  18.03,  184.34, 1.883235971875e+00,   6.0, 6.402549453125e-02, nan
  24.64,  178.47, 1.883303843750e+00,   2.0, 3.833413671875e-02, nan
   9.84,  179.55, 1.883417664062e+00,   2.0, 4.717140156250e-02, nan
  40.71,  199.65, 1.883442232813e+00,   3.0, 1.394348958333e-04, nan
 233.31,  245.98, 1.886285306250e+00,   7.0, 4.405807366071e-02, nan
 247.37,  252.54, 1.886287418750e+00,   2.0, 1.583681718750e-02, nan
  45.43,   24.81, 1.886859743750e+00,  11.0, 8.077724985795e-02, nan
  47.10,  198.21, 1.889240025000e+00,  13.0, 9.314341694712e-02, nan
 121.53,  131.60, 1.891575831250e+00,   2.0, 2.523294765625e-02, nan
 197.25,  197.60, 1.892685946875e+00,   8.0, 6.392431054688e-02, nan
  17.23,  249.82, 1.895167584375e+00,   6.0, 3.165501979167e-02, nan
  24.05,  256.02, 1.895167803125e+00,   5.0, 6.824321875000e-04, nan
 229.22,   24.28, 1.895669670312e+00,   5.0, 3.745236937500e-02, nan
   6.51,  253.16, 1.896435526562e+00,   1.0, 0.000000000000e+00, nan
  62.76,  142.22, 1.897506207813e+00,   5.0, 1.972623468750e-02, nan
  25.63,   20.60, 1.901808914062e+00,   3.0, 6.364788489583e-02, nan
  60.41,  125.16, 1.911789854687e+00,   2.0, 4.789165078125e-02, nan
  -5.10,  120.45, 1.913185393750e+00,   1.0, 0.000000000000e+00, nan
  77.31,   67.38, 1.916120870312e+00,   2.0, 4.444201250000e-02, nan
  50.52,   15.83, 1.916148323437e+00,   6.0, 4.930376614583e-02, nan
  70.33,   78.96, 1.916175740625e+00,   5.0, 6.796451468750e-02, nan
  98.63,  180.53, 1.916411643750e+00,   3.0, 1.418841718750e-02, nan
 193.78,  245.09, 1.918789621875e+00,   1.0, 0.000000000000e+00, nan
 121.64,   11.81, 1.919854857812e+00,   4.0, 9.064654296875e-03, nan
 120.64,    3.65, 1.919870296875e+00,   2.0, 1.416406249999e-05, nan
 130.08,   11.86, 1.919873601562e+00,   5.0, 9.381995000000e-02, nan
 117.30,   29.56, 1.919935106250e+00,   3.0, 4.456875833333e-02, nan
  57.51,  158.89, 1.921576120312e+00,   3.0, 4.509393645833e-02, nan
 106.57,   24.14, 1.923707581250e+00,   2.0, 4.871767343750e-02, nan
  97.05,  104.87, 1.932692112500e+00,   4.0, 2.039914960938e-02, nan
 171.34,   12.51, 1.936790507812e+00,   2.0, 4.678587031250e-02, nan
 124.28,   47.29, 1.937405320312e+00,   2.0, 2.394905937500e-02, nan
  83.24,  164.77, 1.937519573437e+00,   2.0, 2.368687500000e-04, nan
  60.96,  170.13, 1.937541890625e+00,   4.0, 3.849767617187e-02, nan
 121.45,   98.56, 1.938996635937e+00,   2.0, 2.062337421875e-02, nan
  17.73,   96.29, 1.944002328125e+00,   5.0, 1.475283125000e-03, nan
 121.73,   41.27, 1.950584790625e+00,   4.0, 2.594998632812e-02, nan
 120.01,   38.92, 1.950633693750e+00,   3.0, 2.300343906250e-02, nan
  75.33,  243.83, 1.953388062500e+00,  14.0, 9.877994910714e-02, nan
 109.27,  240.52, 1.958863704687e+00,   7.0, 8.314452098214e-02, nan
 195.73,  205.97, 1.958866728125e+00,   2.0, 3.792890624998e-05, nan
  15.37,   48.96, 1.959859317187e+00,   7.0, 6.070037276786e-03, nan
 140.36,  130.71, 1.967823310937e+00,   4.0, 1.705781250011e-05, nan
  44.01,  132.29, 1.969481739062e+00,   7.0, 5.426692790179e-02, nan
 221.07,  224.31, 1.982442576563e+00,  12.0, 2.084491666667e-03, nan
  24.48,  223.47, 1.983313590625e+00,   4.0, 6.211889453125e-03, nan
 239.04,  121.94, 1.989255332812e+00,   7.0, 2.896953125000e-03, nan
 239.05,  139.06, 1.990032668750e+00,   1.0, 0.000000000000e+00, nan
  39.85,  220.99, 1.991609945313e+00,   1.0, 0.000000000000e+00, nan
  27.28,   25.61, 1.997271157812e+00,   1.0, 0.000000000000e+00, nan
  64.93,   84.01, 2.000995620313e+00,   1.0, 0.000000000000e+00, nan
 195.79,   71.90, 2.004343039062e+00,  39.0, 2.733783233173e-02, nan
 193.36,   78.16, 2.010545862500e+00,  10.0, 2.106174500000e-02, nan
 170.95,   65.34, 2.010558143750e+00,  12.0, 3.533601093750e-02, nan
 188.52,   70.68, 2.010623032813e+00,   2.0, 2.361505703125e-02, nan
 191.54,   29.02, 2.011842907812e+00,  21.0, 3.086251413690e-03, nan
 182.91,   28.08, 2.011847689062e+00,   3.0, 1.466979166661e-05, nan
  47.90,  139.90, 2.014003828125e+00,   2.0, 8.543117187500e-03, nan
  88.49,  254.66, 2.019277146875e+00,   2.0, 9.440624999968e-06, nan
  72.55,  241.17, 2.019278825000e+00,   3.0, 2.094051510417e-02, nan
 159.31,   84.85, 2.021468432813e+00,   7.0, 4.212870089286e-03, nan
 159.15,   93.71, 2.021530837500e+00,   5.0, 1.081908750000e-03, nan
 163.81,   74.46, 2.021531785937e+00,   3.0, 1.097762968750e-02, nan
  85.27,   18.39, 2.025490131250e+00,   1.0, 0.000000000000e+00, nan
 139.53,  194.41, 2.030130295312e+00,   2.0, 3.690078124996e-05, nan
  75.95,  204.46, 2.031922981250e+00,   6.0, 6.716559375000e-03, nan
 146.71,  191.02, 2.034176657813e+00,   1.0, 0.000000000000e+00, nan
 172.81,  242.57, 2.037563578125e+00,   3.0, 1.202792812500e-02, nan
 191.12,   87.67, 2.037736407812e+00,   2.0, 4.771328124997e-05, nan
 108.60,  233.37, 2.043827550000e+00,   2.0, 1.089095156250e-02, nan
 141.25,  254.15, 2.046235123438e+00,   1.0, 0.000000000000e+00, nan
